3.0967819376015,2.918661527701,2.30712886328375,0,1.2193249294424,1.2193249294424,0
2.107788258601,2.14608586757075,0,1.108801,3.24177898399348,1.22927626860662,1.216609158601
2.31592190511737,1,0,0,2.187971299,3.66051338369873,2.48571583404803
4.10840065604071,2.3053649452733,2.008801,1.22900844465056,0,0,1.3162649452733
1.34261262390922,0,3.194595406801,2.3132166126319,1.217482427701,2.1369568414948,1.099
0,2.196792199,1.207692199,2.008801,0,3.46073357484056,2.3935034494424
1,0,1.30849998403525,2.3856597202048,1.109771299,3.096772427701,2.3856597202048
3.0087307603424,0,0,1.099,3.1161614549015,1.1107501376015,2.31849845482994
2.205709158601,2.018688258601,1.32630675256564,2.23418006675347,1.109771299,2.214530058601,0
1.198871299,1.217587891633,3.29602780369329,0,2.187971299,1.108801,2.14691750944364
2.49411625700642,0,0,2.1978574912424,3.21415541488826,1.118592199,2.31427221246056
1.099,1.41516498866885,1.3075677258965,1.197901,1.208661527701,1.197901,4.10337893826521
2.39465413876615,0,0,1.207788258601,2.107692199,0,5.17174267842388
1.108801,1.109867358601,2.41392700881692,4.93212351638051,0,0,1
1.208661527701,1.31773608109464,1.099,3.20447178012073,1.108801,0,3.2156178232128
3.20945536459231,2.108661527701,0,1.208661527701,2.107692199,2.427321606851,0
2.42735384378462,0,0,1.108801,3.23735384378462,2.107692199,2.3212522594424
1.208661527701,0,1.21061613301314,1,1.208661527701,3.26871131794404,3.17891703301314
2.107692199,2.12743568700146,1.2372757006777,1.20893031207056,0,2.25495675480848,1.999
2.49849878664217,1.108801,0,3.5661841376162,2.1104071926319,1.099,1.207692199
4.1326496290249,2.097901,1,1.3162744456639,0,0,2.50092144676141
0,0,2.1263904703424,2.32236913438055,1.197901,4.10161270365056,1.197901
1.208661527701,1.2985552067015,0,3.18824399273285,2.46725489273285,2.286772427701,1.38914399273285
3.9307474013419,3.1277564722284,0,1.216609158601,1.22831074491374,1.216609158601,0
1.198871299,0,2.187971299,2.22510587144285,2.30616914054285,1,2.33165144574141
2.30853274893141,1.22011943054285,1.31943274893141,2.008801,2.2947976913419,0,2.206582427701
1,3.22659342354961,0,1.118688258601,1.2255076913419,2.098871299,2.5154493795527
1.108801,1,2.42153192843728,3.27192652606435,1.099,1.198871299,1.22185660477435
1.099,0,3.25112105192285,2.34506137073285,1.118592199,2.008801,1.2342428267015
1.287978258601,2.187978258601,2.366089158601,0,3.4174585013419,1.099,1.287978258601
2.33476961645161,0,2.3165350352119,0,0,2.217149865901,3.8468102830219
3.39642623864513,0,1.216513099,2.214433999,2.116513099,0,2.205613099
1.22552576015285,2.097901,1.197901,1.197901,1.22552576015285,0,4.09996975429041
2.2164590139833,2.23658780488703,1.2185381139833,0,1.23779363578703,1.999,2.2780379813419
1.119561527701,2.009771299,2.207455696801,2.66766653237735,1.3160816548219,0,2.40195591704071
4.08116178829,0,2.31791733540277,0,1,0,3.20810733540277
2.32534545510061,1.118592199,2.21861247600061,1.2192280926319,2.33327632629061,0,2.097901
3.13811783839,0,0,2.3034360781,1.2253251781,1.197901,3.21830783839
1.197901,2.2760119,1.197901,1.999,0,2.35619013684259,2.2760119
1.207692199,1.999,2.42525325275167,2.4335330703414,1.108801,0,2.42525325275167
1.2879877685015,1.099,4.60370215220859,1.369066801633,0,3.257177701633,0
0,0,1.108801,0,3.12535620098845,5.335079180191,0
1.109771299,1.099,2.21994358199525,1.1989768685015,1.31994358199525,2.21830919005013,2.1978574912424
1.109771299,2.22622101695887,2.009867358601,2.24481275907703,0,3.23175335348734,0
2.3061605816324,2.2073664125324,1.099,2.3052873125324,0,1.40590334311261,2.3951617874633
4.1000337688142,1,1.099,1.207788258601,3.62891147405687,0,0
4.0000436788528,0,2.206582427701,0,2.38915970218358,1.110740627701,1
1.216513099,3.04408411366345,0,0,3.22827260485345,1.108801,2.107692199
1.2183652067015,2.2964761067015,0,1.197901,2.187001,2.30546192217284,2.1183652067015
1.109771299,1.207788258601,1.999,3.21547769293565,0,1.207788258601,2.29647497144285
1.2194113830833,2.098871299,2.107788258601,0,2.32666111307827,2.23757258033737,1.207788258601
2.098871299,0,1,2.216276596801,2.42072404381178,1.218355696801,2.51598744171268
2.205613099,0,1.31800279392965,2.38459703728165,1,4.34544157406027,0
3.21214943363285,4.02154788390695,1.109867358601,1,0,0,1.3154200822556
1,1.2078072688921,0,2.3787679598557,2.2984915062148,1.099,3.18606143692525
3.0272458294424,0,2.32561493895872,0,2.1097172139833,1.108801,2.0990633221424
2.42159537869441,1.109771299,1.110740627701,1.3152957126319,2.3132166126319,1,2.206582427701
1,2.4023155285424,4.1817172097324,1.3153925494424,1.118592199,1.108801,0
1.297672427701,2.286772427701,0,2.375783327701,1.297672427701,3.185783327701,1.297672427701
0,0,3.006792199,2.5465351199428,2.61941196026161,1.46329154437651,2.3765587738219
1.23755008016971,4.67971256945971,1.217473606801,0,0,2.0213071926319,1.3399695341119
1.197901,4.48626466028787,0,2.39949575929,0,2.196703099,1.099
0,1.2088439448833,0,1.21967057109872,3.99628820199872,2.38694685239369,2.2760119
0,3.0200737575628,2.31985013936932,2.2188946575628,0,3.12917909917049,0
1.22647786546345,2.43830485935704,1.108801,1.099,2.2320581572,2.32927052575345,1
0,2.2760119,2.58992292890159,1,1.197901,1.2985552067015,3.37853313575696
3.015709158601,0,0,0,2.44387893079339,4.25478023101258,1.109771299
1,2.46131237676872,2.54316689197688,2.187971299,0,3.52455240457056,0
0,1.099,3.8619010875628,1.2271669026319,1.2271669026319,2.2259610717319,1.2271669026319
2.2946151781,1.207692199,1.207692199,1,2.196792199,1.108801,2.34350235175601
0,2.097901,2.2964761067015,2.41299323887781,1.2174919376015,2.39623466413646,1
0,2.008801,3.20455045491374,1.207788258601,2.22614519127284,1.207788258601,1.22735102217284
1.23010593057573,1.23010593057573,2.098871299,2.29647497144285,3.13060797700303,0,1.108801
1.099,1.108801,0,4.16208702596263,2.107788258601,2.32430232904778,0
1.3091025675628,2.098871299,2.3968979424937,1,3.47582062424494,1.39949950343842,0
4.03534851958,2.24383652219734,0,2.32811783839,0,0,2.1253251781
1.099,2.2760119,2.48399618381156,2.48399618381156,1.197901,1.197901,1
1.3937383725319,1.207692199,3.77703098956145,1.108801,3.104711237701,1.207692199,0
1.31669855007693,1.2185381139833,0,1,1.2185381139833,2.39568271917693,3.9771552781
1.099,1.208661527701,4.10102934529777,1.208661527701,2.008801,0,1.21226512618141
1.2352025494424,2.107692199,2.14409218365056,1,1.108801,1.34015186484056,2.2419355285424
0,1.099,1.297672427701,1,3.4358774226319,2.375783327701,2.5651523360351
1.108801,2.4823205629219,1.306484506801,1.39829478342889,1.306484506801,4.012597485901,0
2.35021799884012,4.0231796305948,0,2.107692199,0,0,2.32222916821525
2.097901,2.3935034494424,0,1.40016706067727,1.3065804703424,2.2065804703424,2.3768301930833
1.3075488202048,0,4.19366657980263,4.04209152199263,0,1.208661527701,0
0,2.40727711802087,1.108801,1.31088340088295,1.2096307603424,1.099,4.10678176638112
1.34778949314005,4.26009984696609,1.118688258601,3.1402363725551,0,0,1
1,0,2.3791080139219,1.3811871139219,3.5130251832328,1.099,2.4601712830219
1.32509764270784,0,1.118592199,3.8503748881,1.3134539881,2.49556257739,1.099
0,3.1662019,2.30557510547437,4.28872592427579,0,1,0
2.37781679602525,1.108801,0,3.36659402777722,0,1.109771299,3.0978376143739
3.29650916128184,1.109771299,1.2086710376015,1.108801,3.0175516603424,1.21959473129437,0
2.218128598933,2.28863298874345,3.20693397559314,1.1989768685015,0,0,2.107788258601
0,2.21750510391146,2.2154992912424,2.33439856360453,3.0255857448833,1.099,0
1.31972648834404,2.1192280926319,2.41781771390275,2.188940627701,1.109771299,0,2.2180222617319
0,2.2232460781,3.14269527790837,1.2253251781,3.2295604883236,1.2365778280336,0
3.54467468326917,1.30109371352156,2.2760119,3.29254847281186,0,1.099,0
1.2422506416319,2.46589725131124,1.127500337701,3.97946621910061,0,2.116513099,0
2.4469761781,2.5387187185424,0,4.4677830438889,1.197901,0,1.099
0,0,3.834593327701,1.30843158875392,2.33278697951572,1.30843158875392,2.296466596801
2.196792199,0,3.1154705934739,2.3944726725739,0,1.40710485869601,2.49402783779601
1,0,0,1.109867358601,0,3.39981632473606,5.0172172464234
1.32536109288116,1.109771299,2.42206164883707,3.1945857126319,2.20765617328435,0,1
1.4001061494305,0,0,2.1996013830833,2.107692199,2.4791767721714,3.28647568566827
4.0414762568737,0,1.099,2.41433872212151,0,2.207455696801,1.32822887279497
1.43200795148227,0,0,2.2055151781,1.3055151781,3.2103769672,3.31544315954513
5.21533278197666,0,1.2879877685015,3.0860119,0,0,1.099
1.22884597154513,2.1086710376015,1.22884597154513,1.21932587092255,2.908967358601,1.108801,1.22884597154513
0,1.31365457015285,2.31253519289375,1,2.31157547015285,2.30275457015285,2.2154128376015
1.40246497785052,2.29935525668161,3.1682279813419,2.29848198758161,0,2.12028463394071,0
1.217482427701,3.33551686438087,0,1.33292928310171,0,1.099,4.06530280657087
0,3.44303723762156,0,3.3629220515324,2.294711237701,1.3858090724324,1.3858090724324
1.2987281139833,1.2987281139833,0,3.897061337701,1.2987281139833,1.198967358601,2.1987281139833
2.31617380457301,1.22720302218499,2.22629932964211,1.099,3.017455696801,1.208661527701,0
0,0,2.20797220192688,2.30685282466778,2.107692199,3.38508122506322,1.099
1.109771299,0,0,3.1108303224937,1.2209737575628,2.31731931819061,3.22827479999713
2.32811783839,0,0,1.099,2.2320581572,2.14598477819299,3.22624664839
1.099,2.48469472922209,1.40658382922209,1.2193249294424,2.21783674319966,2.2760119,1.197901
1.108801,0,0,1.118688258601,0,4.91369905699274,3.016582427701
2.196792199,3.29735256836446,1.198871299,1.29980851658345,2.187971299,1.198871299,0
1.198967358601,0,1.099,1.2088439448833,2.2076381139833,3.94597992331871,1.32023156668965
3.23466228979445,2.44438927410143,0,2.109534796801,1.2288261139219,0,2.009771299
3.4026090359915,1.099,2.32919168954285,2.3202925367015,0,1,1.3223716367015
0,3.256279158601,1.287978258601,2.187978258601,3.45637863869416,1.287978258601,0
3.24102642941365,0,3.3020039995279,0,1.109867358601,0,2.908871299
3.3057303342029,0,1.109771299,1.30936270656827,2.48778914247971,2.206582427701,1
0,0,3.1248758239219,1.3160816548219,1.40403501704071,2.39313501704071,3.30095799614071
0,4.08116178829,0,1.099,0,2.33026763026988,3.1073396816324
1.127500337701,2.4332585655628,2.125421237701,0,1.3303794516319,2.097901,2.3371124307319
0,2.4469761781,3.3371661781,1,1.287882199,2.4469761781,1.197901
2.3117410231027,0,1.3226410231027,1.3226410231027,1.109771299,2.907901,2.1255076913419
2.3679316603424,1.198871299,1.2889474912424,1.099,1.108801,0,4.2220477012669
1.109771299,2.918661527701,2.33376334413425,0,0,2.43253760837192,2.2076568258965
1.118592199,0,1.099,4.37243478223251,1.207692199,1.118592199,2.40528323492934
4.11477105989234,0,1.099,1.197901,0,3.474501719723,1.31800100511737
1.999,1.22639011072216,1.217482427701,3.2121313648219,0,2.44479231002204,1.108801
0,2.196792199,1.296790337701,3.44486071082927,1.108801,1.296790337701,2.63486071082927
1,1.21941042336056,1.208661527701,3.906755506801,2.39708027322236,1.30928489829146,0
2.2162669026319,1.23626591185615,0,1.119561527701,3.1240898817319,1.23626591185615,2.019561527701
2.2946151781,3.44747330904827,1.2996013830833,1,1.099,1.108801,1.207692199
0,2.097901,3.026276596801,2.30872517380969,1.217482427701,1.207788258601,1.217482427701
2.23955294008877,2.098871299,1.198871299,1.198871299,1.25045294008877,2.196792199,1.198871299
2.008801,2.52982767766435,1.099,2.6027202132637,1.369852743823,1.198871299,1.198871299
2.45114221788367,1.099,2.2183015062148,1.2195073371148,0,0,3.7358863012424
0,1.099,1.109867358601,3.31344444333872,2.31671736594056,1,2.50405407399706
3.2113454226319,3.2034066126319,1,0,2.34148392066017,1.109771299,0
2.4823205629219,2.107692199,0,1.108801,2.4823205629219,1.306484506801,2.196792199
1,1.31549706238435,3.095803099,1.207692199,2.2946151781,1.31549706238435,1.118592199
1.2096307603424,1.099,2.3768390139833,4.16688322656827,1.2194978367242,0,1.197901
0,2.217149865901,2.117482427701,2.42404146063301,0,0,4.14072919124279
1.31801049694906,1.207692199,0,1,2.205613099,4.29312185981706,1.207692199
3.2124277271257,0,2.3231109962257,2.2243168271257,3.21222724190966,0,0
1.109771299,1,2.74905502164528,0,2.65858200572767,1.099,3.2759275467242
4.94673437517878,1.31715540040525,0,2.40495077533615,1.108801,1.099,0
2.2957669239833,0,1.39565772282737,3.2035899030833,2.48266715556827,1.39565772282737,1
1.208661527701,1.22265134435716,3.9965426548219,1.22265134435716,2.108661527701,1.108801,0
1.118592199,2.14227049925513,1.118592199,2.24900347835513,2.107692199,0,2.24019139925513
1.197901,1,0,2.36893291705268,2.44717676015285,1.197901,3.50932171870403
3.83669613184525,0,2.2065919376015,2.31530201365736,1.2086710376015,0,1.31650784455736
3.19704893492285,1.099,0,3.06638466949637,0,1.25670954565502,2.107788258601
2.50497702024401,0,1.109771299,2.59302571368709,2.49607848750311,1.099,2.116609158601
1.198871299,1.39684191556209,2.29684191556209,1.108801,0,5.0318948232637,0
2.1988172139833,4.00850419759688,2.30022662457872,0,0,2.29053245547872,0
2.32280590916971,0,3.0447722775628,2.42846195243842,1.108801,0,2.31311174006971
0,2.34106701050553,2.31998228196128,1.207692199,1.099,3.27284585929,1
1.118592199,0,1,3.46612232833868,1.34740139323615,2.097901,2.4582199372675
1,2.4577356394424,3.5091049821833,3.59404529133872,0,0,1.3796247394424
0,1.217482427701,1.217482427701,4.6686164226319,1.217482427701,0,2.215403327701
1.198871299,2.196792199,1.198871299,2.13099435630277,2.33888927697526,0,2.187971299
2.008801,0,3.25172229221248,2.33327632629061,2.2171401717319,0,1.119561527701
2.3034360781,1.099,2.214433999,3.56681794049345,0,0,2.2161689817319
3.1936260781,0,0,2.4637358881,0,2.63268747739,3.1134360781
0,2.2760119,1.197901,0,0,1.197901,5.46259920935273
3.40422115727459,1.109771299,1.31899597224978,1.999,1.207788258601,1.2193249294424,1.2193249294424
3.2221815378766,3.21414771532525,0,0,2.22516354622525,1.217482427701,1.32516354622525
2.2073672858015,1.108801,1.42872472337758,0,3.2844802649015,2.3062479085424,1.32832434635251
3.34607606595187,4.33055276138968,3.104720058601,0,0,0,0
3.49278764006971,4.2210746548219,0,0,0,1.108801,2.188851527701
2.33171262390922,2.55096398542751,0,0,2.917692199,1.2369568414948,2.1192280926319
1.108801,3.29250289365056,1.41347353308101,3.46073357484056,0,1.118592199,1.099
2.3757928376015,2.2867819376015,0,0,4.17650033415163,1.2976819376015,1.38940514922073
3.33319374148284,2.43654044489439,0,3.9333853456639,0,0,1.207788258601
1.38792880247997,1.207788258601,0,2.2948072012424,2.098871299,4.40677537760448,0
1.31199690814536,0,0,0,2.008801,2.29829844465056,4.83862238523602
1.35051672832964,0,2.33961672832964,0,2.2172361352733,2.0293419661733,3.15148392066017
2.393407485901,2.206484506801,3.54057301343071,1.108801,0,2.33197857011026,0
0,3.46341990010369,0,1.30754017484071,0,3.095803099,3.20446315394071
1.22029421984347,2.097901,3.11809815368482,0,1.22029421984347,3.1064664125324,0
2.11863416122133,2.225194139833,1.3264765696367,0,2.20773416122133,1.109771299,2.107788258601
1.198967358601,3.29774312764343,0,2.2057186685015,2.21015984381314,1.20963170182255,1.099
0,0,1.22718497144285,2.098967358601,1.22718497144285,3.03597914054285,3.1329277152842
3.36673876957894,2.2947976913419,1.108801,1,2.206582427701,1.29876328254633,0
1.1099633221424,1.108801,3.10769510391146,0,3.93647779570858,1.20989003481146,0
2.1201013617319,0,2.2267470139219,2.1104071926319,1.109771299,3.21710733948061,0
1.099,1.3251549168415,1.108801,2.1273501930833,2.3113748881,1.118592199,2.2232460781
2.296466596801,1.31609219940908,1.197901,3.28439309940908,1.197901,2.118355696801,0
2.31428361311257,2.40242182935515,1.999,0,3.19285049908165,0,1.20779870998165
0,3.185888791633,0,2.296572060733,3.18685707328435,1.109867358601,1.297777891633
1.099,0,1.108801,3.93478363146228,1.22771188934412,1.109771299,2.29682154602041
2.009867358601,2.1096307603424,1.099,3.29229988078252,2.22011269583596,0,0
1.108801,1.109771299,2.24436157410061,1.24556740500061,1.099,2.35001761736932,2.1271669026319
2.39147675929,1.39355585929,2.2946151781,1,0,2.48047883839,2.7370627765055
1.197901,0,0,2.187001,0,4.87739902166161,2.5608208514525
1.109771299,2.2349546947451,1.108801,3.95115370764698,0,1.2273493198142,1.2185381139833
2.109534796801,0,0,3.30808284393033,2.207455696801,1.209534796801,2.296457775901
0,1.216513099,2.097901,0,2.33214767951812,4.14465018298149,1.216513099
2.1193249294424,2.2974358294424,0,1.197901,1.31783674319966,3.28861656957746,1.32031566957746
0,3.23551181391374,1.24243476117284,0,0,3.04153476117284,3.2104721535319
1.108801,1.45255927335509,1.198871299,3.65651164765365,2.187971299,2.26986130273345,0
1.1099633221424,1.21871093481146,1.109771299,1.21871093481146,0,4.57130579146553,1.099
1.110740627701,1.110740627701,0,2.2092013617319,2.1104071926319,2.1201013617319,2.22685169779133
2.1253251781,2.2232460781,1.2253251781,3.50065865348314,0,1.118592199,1.118592199
4.23706649144285,1.2976819376015,0,1.2976819376015,1,2.2760119,1.197901
2.33568490193376,1.108801,1.109771299,2.29813418273285,1.207788258601,0,3.006888258601
2.49590935254961,0,1.216609158601,1.108801,2.116609158601,2.098871299,2.49590935254961
2.11923854401255,0,0,1.108801,1.22098420894345,3.1680454681,3.28938465074474
2.008801,1.2342428267015,1.118592199,2.2145307476015,3.34859257532203,0,1.2254307476015
0,1.287978258601,1.287978258601,2.45950027827605,1,3.43075981101695,2.366089158601
2.1166186685015,3.85241796238435,0,0,1.23443379328435,1.109867358601,2.54333280961893
1.099,3.42016379382737,1.2889474912424,1.38959593520192,1.109771299,2.28959593520192,1.108801
2.2077340680148,0,1.2086710376015,0,1.31230889451452,4.85409012362287,1.099
2.4553145482316,0,0,2.34174639737517,0,3.15463529812651,3.1163343621833
1.109771299,2.215403327701,1.099,0,1.40544062115096,4.61131696092527,1
2.43846569132817,4.0953598096057,1.198871299,0,2.20834419457435,0,1.099
1.3066669239833,2.3936763567242,0,0,1.109771299,3.1145878239833,3.37285715556827
1.23088083324882,1.208661527701,1.32949615890046,1.32949615890046,1.108801,3.097645696801,2.197761527701
0,0,3.03724826339915,3.32824402929753,2.107692199,1.207692199,1.33780109045838
2.097901,1.3273380141328,1.3273380141328,0,3.3949438934437,0,3.41213222685232
1.999,0,0,3.3064445872,1.3134539881,2.49556257739,2.49556257739
3.1662019,2.5856369006848,2.205611237701,0,0,1.234233316801,2.77459288898001
2.60120887236056,2.365993099,0,0,0,5.9605553094379,0
3.727851527701,0,0,0,3.30905778130195,2.29997404747141,1.110740627701
1.2175783912424,0,1.108801,2.0196574912424,2.31455704340342,1.118592199,3.23920846671158
0,1.208661527701,1.208661527701,3.2874448828628,2.2094595079319,1.197901,2.3875704079319
3.12585361547375,1.3259580473257,0,1.218355696801,1.999,2.4224781744466,1.22893063637375
2.3124306704419,2.40473780473606,0,3.2925055285424,0,2.2074537394424,1.3074537394424
4.19836166400061,1.3152957126319,1,2.66632257123245,2.2778554681,0,0
1.31635131246056,4.07401685929,0,0,2.008801,3.38150497275056,0
2.39690490482927,1.3073569026319,2.3951522775628,1,1.119561527701,3.1954678026319,0
1.108801,4.0213205629219,1.2271669026319,1.2271669026319,0,2.23816318233461,1.207692199
1.2253251781,3.60127295584726,1.207692199,1,0,2.2946151781,2.097901
3.40466876111927,2.097901,3.2737358881,1.3234098742733,0,1.197901,0
2.3052778026319,1.2271669026319,0,2.40521823323174,0,1.999,3.266766406801
0,1.999,0,3.30411447708824,2.32588379589824,1.207692199,2.205613099
1.218355696801,1.40699425956621,1.208661527701,2.097901,3.57936532136839,1,1.109771299
2.107692199,1.30965028164894,0,0,2.205613099,4.11105312693141,1.30965028164894
3.12778062271659,0,2.2947976913419,1,1.3564899391128,2.2181190985424,1.33817962516603
3.60090847588686,0,3.41595580975783,1.42209281482693,2.098871299,0,1.099
1.3074537394424,2.3943767185424,2.008801,0,0,1.3074537394424,4.26356378613056
0,0,1.217482427701,2.117482427701,4.03446150423041,2.3132166126319,1.109771299
3.51608924169861,1.23531473946679,1.099,2.196792199,0,1.198871299,2.098871299
1.099,1.198871299,3.4290456645859,1.198871299,0,0,4.07778825465056
2.927482427701,2.099840627701,0,1.208661527701,1.119561527701,1.21931930122305,2.22867034108485
0,1.118592199,2.107692199,2.3219815352005,2.2153464770005,2.3219815352005,1.108801
1.2962179495,2.3743288495,0,1.38615186623028,2.3743288495,2.097901,2.2853179495
1.1930005,2.28229879355187,1.1930005,0,0,3.90052390131595,2.26670095
0,1.9495,1.1038460995,2.10705397527142,2.10705397527142,1.0544005,2.09730758905
1.0489505,0.5548856495,1.14739884567095,0.6038941293005,0.613676037551059,1.20211835843406,0.5
1.15221591609249,0.5994356495,0.608750718996049,1.60215800064249,0,0.5994356495,1.14824280354605
1.59258501103528,0,1.5079025610712,0,1.10968412632519,0.5549336793005,0.610287041775193
0.609719946882498,0.5548856495,1.0499203138505,1.61806429563928,0.5553703138505,0.5,0.5544005
1.16621035308797,1.1082822917424,0,0.5495,0.609321841742399,1.16621035308797,1.10518317431601
1.6448875104845,0.5989505,0,0.651052585553595,0.703726794270369,1.5675068112728,0.5989505
1.2482514067714,1.1491604681,0,0,1.108192199,0,2.0578464067714
1.86506145006971,0,1.77017996574212,0.599,1.36605323484212,0,0.717482427701
1.108801,1.22752404859814,2.107692199,3.20463702769814,1.207692199,1.207692199,1.22752404859814
2.097901,2.39928346104514,2.11923854401255,0,2.29822271311255,1.198871299,1.21923854401255
2.008801,2.3451563832842,3.2353463832842,1.2254307476015,0,1.207692199,1.118592199
2.097901,1.197901,2.277078258601,2.4471586913419,0,2.4471586913419,1.287978258601
0,2.31422878412531,1.31630788412531,3.93429205322531,0,2.3061510717319,1.119561527701
0,3.30642494976419,2.58829541973624,3.19502913257887,1.207692199,0,1.099
1.32028809689027,0,0,2.097901,1.32028809689027,4.13638354206251,2.010740627701
1.118592199,2.134233316801,0,1.3314271991042,1.108801,2.4422371842251,3.2352333019219
2.365993099,3.427939485901,1.378655506801,3.347749485901,0,0,1.287882199
1.32419407079837,0,2.2946151781,2.41111704989837,1.2272628661733,0,3.824803099
1,1.207692199,3.2746875838219,0,2.31603781101695,3.19741573191695,0
2.097901,1.118592199,2.31429123148435,1.216513099,1.22736825238435,0,3.12429123148435
1.197901,1.31642824746827,1.31642824746827,2.187001,2.097901,2.2966490139833,1.31642824746827
1.31008723020629,4.186707661736,0,1.209534796801,2.208328965901,1.999,0
0,1.1284695703424,3.13219424450797,1.1284695703424,1.118592199,3.27251463056064,1
3.62324592389027,0,2.5641926132942,2.2962874283633,1.197901,1.297672427701,1.099
0,2.4639016416319,1.108801,4.99121381241236,1.296790337701,0,1.296790337701
1.2271669026319,1.2271669026319,3.9252608817319,2.1271669026319,1.119561527701,1.2271669026319,0
1.207692199,2.2946151781,2.12665059983797,0,3.34276046073631,0,2.196792199
2.097901,0,1.209534796801,3.36075999689027,1.3002999983633,1.209534796801,2.3784108983633
2.3450433019219,1.234233316801,0,3.033333316801,2.116513099,2.46543552961531,0
1.5385967150821,1.368961337701,1.099,1.368961337701,2.3526824179142,3.5820762070142,1.368961337701
0,5.4403708594151,1.217482427701,2.4215962782251,1.3250761511042,0,0
4.2617222441119,0,0,2.4823205629219,2.205613099,2.108661527701,0
3.095803099,2.107692199,0,1.2194978367242,1.2194978367242,1.207692199,2.48432636685827
2.217149865901,2.11835645401255,0,3.106466596801,1.32577658113345,1.218355696801,1.218355696801
1.099,2.48067942044285,3.2906725367015,1.207692199,0,2.2056207476015,1.207692199
2.31176007648698,1.23268945374608,0,0,2.009771299,3.087078258601,2.29848104610146
2.34872085840232,1.35079995840232,2.2162669026319,0,1.119561527701,2.009771299,2.35039852268768
3.54343392325574,1.108801,1,2.2946151781,1.40542865139917,1.099,1.40542865139917
0,0,1.198871299,4.0952389030219,1.299418965901,2.199418965901,2.4688960352119
3.38577174130414,1.40071995220414,1.3134539881,0,1.3134539881,1.3134539881,3.024433999
0,1.197901,0,4.1560748534324,1.2359876183633,4.04767628489027,0
1.296790337701,2.4639016416319,0,1.108801,3.095890337701,2.383713316801,1.296790337701
1.2175783912424,0,2.21460477426056,2.31746250463316,0,1.31460477426056,4.11194697461906
1.099,1.32028988570255,3.21799880699255,0,1,4.18033328807126,0
0,2.018592199,3.35724860580132,0,3.23525137073285,1.118592199,1.34830125176997
1,3.51819446232298,2.366089158601,2.54789465232298,0,1.38871421958208,1.099
0,3.9264062584048,1.3084220893048,0,1.217482427701,2.3063429893048,2.49394077967912
3.21215073602611,0,0,1.108801,2.31505815465056,4.02228883584056,0
1.3057072012424,1.39383424961966,2.097901,2.72856958148705,0,2.37411875682936,2.206582427701
4.78907835181171,0,1.108801,1,2.3965135051307,0,1.218461160733
2.1087574912424,1.109867358601,1.2087574912424,0,3.11740618849494,0,3.2946225715131
3.11729312520146,1.099,2.22876137676872,1.108801,0,1.208661527701,2.31704572551406
0,2.107692199,0,2.3229010875628,1.099,3.22260099600061,2.1271669026319
2.2946151781,3.27745337582063,1.108801,2.196792199,1.118592199,0,1.34791824626106
2.55573844977163,1.197901,0,0,4.64461975279271,1.099,2.097901
0,4.86592530267545,1.108801,1.33302342057794,1.198871299,1.198871299,1.2272723665639
0,2.38468349092255,3.36387293513071,1.099,0,3.10568141182255,1.29776051182255
2.41379620824993,1,3.0076819376015,0,2.108661527701,1.31726752221858,1.31726752221858
3.20472244665236,0,3.37500898834948,1.207788258601,1.109771299,1,1.21958420391146
0,2.1201013617319,3.1090855308319,2.32666870604712,1.2201013617319,2.2180222617319,0
2.2180001413669,0,1.216513099,2.2232460781,1.108801,1.3180001413669,3.3030519304669
1.3874762225324,3.21212264006971,2.187001,2.4655871225324,0,2.4655871225324,0
2.2946151781,2.48621321066955,3.913901237701,0,0,2.30645416877345,0
1.198871299,1.198871299,4.05749511589715,0,1.22751349527827,2.097901,1.22751349527827
2.2981161139219,1.38180778774265,1.099,2.55199210057276,1.109771299,1.38180778774265,2.008801
0,2.23136871044285,1.118592199,1,2.46359352639863,3.85664432063285,0
1.197901,3.49042108080871,2.4471586913419,1.099,1.197901,1,1.287978258601
1.208661527701,0,1.208661527701,2.908871299,0,3.1320486166247,2.3141098066247
1.29690436054345,1.207692199,1.29690436054345,2.28600436054345,1.108801,2.38382733964345,2.107692199
1.1109230448833,2.1097172139833,0,1.109867358601,4.00960763653502,1,1.2098036676242
3.1361321832328,1.099,2.1288261139219,1.120434796801,1.108801,1.120434796801,1.120434796801
1.216513099,2.3113748881,1.099,1.216513099,2.1175695703424,1.108801,2.3124313594424
1.197901,2.187001,1.197901,2.51913797725898,2.197672427701,1.297672427701,1.218355696801
3.006792199,1.40431434679133,1.49236120278263,1.306484506801,3.291536295901,0,1.207692199
1.207692199,0,1.207692199,0,2.19776051182255,1.29776051182255,4.97334548265284
1,2.22597914054285,1.22718497144285,1.22718497144285,3.0076819376015,2.23646758772735,0
0,1.198871299,1,2.31967833319646,3.20986833319646,1.108801,2.2947976913419
0,2.098871299,0,2.3501909136925,2.32482004881688,3.04486348615395,1.119561527701
1.3064364770005,2.1086134979005,0,1.099,2.3933594561005,2.3043573770005,2.48222930630095
2.1072070495,1.21704045699165,3.0953179495,1.2072070495,1.2072070495,1.2072070495,1.22550662461347
1.1983807638505,1.1983807638505,1,2.27784469306535,0,2.1923278484005,3.09308426063982
0,2.0131515717162,1.1091778484005,2.11498798626078,1.0495,1.1091778484005,2.9166130612662
1.68727201064476,0.658621358679311,0.6483951688505,1.1028065495,1.0983951688505,0,0.6483951688505
0,0.653338258790216,0.653338258790216,1.4989410995,1.60223594625567,0,1.14822845131595
0,1.54887130091127,1.0538460995,1.60795810200824,1.05918307409082,0,0
1.10822950699165,0.5495,0,1.10285933425075,1.1081862801712,1.05389888425075,0.6087891956212
0.614954195336357,0.614954195336357,1.1630826535703,1.0494836793005,0.5994836793005,0.5544005,1.0988807638505
1.16115348824603,0,0.661713176875578,1.7023500360636,0.5544005,0.6087891956212,1.0048856495
0,1.62950011668028,1.63346643308665,1.1434341956212,0,1.1390237456212,0
1.15709244277528,1.4593307638505,0.6092258301712,0.707085169142728,0.707085169142728,0.658131992775279,0.5495
0.5548856495,0,0.5,1.10032414318936,0,0.654205814595729,2.53679826134781
1.16183915250031,0,0.5495,1.55763449086595,0,1.0684256887814,1.07278370250031
0,1.240239419195,1.240239419195,1.10275758905,0.5544005,0.6038460995,1.14730758905
1.54300595,1.101835805,0.651835805,0.651835805,0.60336095,0.5989505,0.60336095
1.93829,0,0.5495,0,0,1.533695,1.0886
0.95,0.5,0.5,0.5,0.95,0.95,0.5
-0.891199,0,-0.780588616916701,-1.39333131057447,-2.20333131057447,0,-2.421148472299
2.206582427701,0,2.216276596801,0,3.1232166126319,1.217482427701,2.215403327701
1.38145589829146,1.2898207603424,2.196792199,2.46044006739146,1.2898207603424,1.099,2.1898207603424
1.218355696801,0,0,1.23705185404615,1.109771299,3.8530898817319,3.30395198116705
2.205613099,4.19155704804827,1.207692199,0,2.3944631721833,1.099,0
2.4118158397528,2.2152957126319,2.3140898817319,0,3.106466596801,0,1.217482427701
1.207692199,1,2.4104477130965,0,2.205613099,4.1739797130965,0
2.20861589602525,0,3.10762679602525,1.197901,2.2760119,1.21951589602525,1.197901
1.999,2.2173322830833,2.2164590139833,2.2174187367242,1.1197439448833,1.2185381139833,0
1.099,2.207455696801,1.209534796801,2.23027018606473,1.209534796801,2.13147601696473,1.209534796801
2.116513099,1.235106585901,0,3.45336901245448,1.118592199,1.34904158550236,2.24904158550236
0,3.84551043302033,3.5256725808319,0,0,2.54892407619061,2.37081317619061
0,0,1.3303025078915,0,0,2.4084134078915,6.37968257018975
1.37892531910435,0,1.37892531910435,0,3.17802531910435,3.336388968601,2.53810575184525
0,3.46714725066778,1.3099151374742,3.8275284758015,1.108801,0,1.3099151374742
1.2255076913419,3.1304559340828,1,0,3.1144918604419,0,2.3487443675635
0,3.44681866616984,2.48270146824026,1.099,2.1077977685015,1.30668498328435,1.108801
4.00756307959435,0,2.008801,2.3162874681625,1.109771299,1.2185381139833,0
0,2.30712854590238,2.207455696801,3.3136447005331,0,2.108661527701,1.208661527701
1.32555007206771,3.22247305116771,1.099,1.2087574912424,0,1,3.21240955456951
2.39082982817882,0,2.30172982817882,1.2098036676242,2.108661527701,3.2883845663405,0
0,1.2368513775628,0,4.05787705231132,2.019561527701,1.099,2.34033314243842
1.216513099,1.108801,0,3.37066883839,1.3055151781,3.45870951958,1
1.197901,1.197901,2.30676983531936,0,2.187001,3.0860119,1.22865893531936
1.999,2.21982730171997,3.38953874772231,1.109771299,0,1.109867358601,1.2095443067015
2.2332963567242,0,2.24147880525221,2.33601717227309,0,3.13960761525221,1
2.37029669203345,1.099,1.37237579203345,1.37237579203345,3.50421386134435,1,1.198871299
2.33465168700006,2.24900168954285,0,1.34555168700006,3.7613716367015,0,1.34555168700006
3.59009186556827,2.3679379239833,3.49042108080871,0,1.197901,1,0
0,3.826645696801,1.208661527701,1.108801,1.208661527701,3.45144362020778,0
0,2.107692199,2.22666263360436,3.0432099030833,1.2176648448833,0,2.33257096518933
2.198634796801,1.32386167974407,2.31052256166017,2.287645696801,1,1.32386167974407,1.197901
3.27133009842496,3.06157773188126,2.116513099,0,1.25368242079525,0,1.118592199
2.65129022102285,2.285803099,2.5624486949015,0,1.197901,2.2954159058015,1.197901
1.197901,2.374910058601,0,2.4639184013419,0,1.296799158601,3.994100058601
1.23988763118386,1.2174919376015,1.108801,2.4060582042081,1.198871299,2.997971299,1.198871299
1.118688258601,3.1344995996642,3.60476749045662,0,0,2.196888258601,1.109771299
0,1.198871299,0,2.098871299,4.28253377101642,1.3136365013419,2.3115574013419
3.10729659105075,1.29937569105075,0,3.1680454681,1.198871299,1.29937569105075,1.198871299
2.39787372845436,0,1.099,2.4939845752748,0,3.0239968793005,2.4070918420414
1,1.1934856495,4.84422694844242,2.20084297569626,0,1.1934856495,0
2.14405605365575,1.0548856495,1.10433551880075,1.0549336793005,0,2.0942679363259,2.91324044086228
1.51230238713028,0.5,0,2.06545592992,0.5495,0,0.609399168342701
0.5544005,1.20170946745831,0.5,1.64556119641173,0.5999203138505,1.10988918902172,0
0.5495,0,0,1.1850889787663,1.6341533837663,0.6038460995,1.52548790290075
1.7541590833621,1.30989602778413,0.5495,1.30989602778413,0,1.0489505,0
0.6488361217162,1.9133228484005,0.6488361217162,0.6488361217162,0.6488361217162,1.1477965717162,0
1.05878966636127,1.5033951688505,1.15761210269028,0,0.5495,0,1.20705465655693
1.64800696602277,0.654647623007096,0.610185967456871,1.09888551880075,0.5,0,1.0538941293005
0,1.5223994526421,0,0,0.5495,1.61528309896571,1.56209720209187
0.5495,1.10862338546127,1.14739884567095,0.609226300911274,0,1.11744315020262,1.05922630091127
0.6532902351712,1.1032902351712,0,0,1.19679495154165,1.64625660709187,1.0494356495
1.77159981694445,1.0538941293005,0.6537268697212,0.5544005,0,0,1.5483862138505
1.5527966638505,0.5544005,1.11127227199165,1.2087463933621,0.6083045793005,0.66127227199165,0
0.6444257638505,0.5,0.657656890721424,0.5544005,2.16077053091112,0.657656890721424,0.6444257638505
2.42291768182642,0,0,0.6038941293005,1.59249384567095,0.604335989540824,0
0.60389888425075,0.5549336793005,1.54839096880075,1.05389888425075,0,1.11324156067542,0.614281110675423
1.0494836793005,0.5544005,1.1543546532871,0.5548856495,0.5,1.65334127932481,0
0.5495,0.657844014012857,1.20719423165615,1.15577870067095,1.0093441293005,1.1072650293005,0
2.55308047363756,0.60389888425075,0.5994356495,0.5544005,0,0.5,0.609796895377849
1.0494836793005,1.65672222166936,0,0,0.609662464721199,0.702977144763951,1.60693759476395
0.5544005,0,2.05027418953486,0,2.07176577535695,0,0.5
0.5,1.0939856495,0.613592485721424,1.64272430738195,0,0.654167817831949,1.19365990238195
0.5495,1.14739884567095,0,1.5572506851712,0,1.19371168811285,1.24218081521693
0,1.5577737733621,1.5483862138505,0.739175145207435,1.19731803973255,0,0.698740598017539
0.5,0.5544005,0,0,1.15307553586595,2.41591055765085,0.658267283732546
0,2.08899143056956,0,0.6038460995,0.6038460995,1.1028065495,1.0983960995
0.6087412138505,1.55680929567095,0,1.51715093022095,1.1081382984005,0.6087412138505,0
0.5495,0.5994356495,0.614587247690276,1.0983960995,1.0494356495,1.13892773405,0.5994356495
0.60918260335075,0.60918260335075,1.5616704911278,0.5495,1.15744694636642,0.5593441293005,0.5548856495
0,1.1028545793005,0.5994356495,0.604431002092173,1.19781627519467,0.5,1.59303071846262
0,0,1.55382195264362,0.5554182956212,1.11850159007618,1.0044005,1.05485860699165
1.71093748342722,0.5597807638505,0.5544005,1.10434210195573,0.5548856495,0.5597807638505,0.5
0.6038460995,0,1.1639641424246,1.0538460995,0,1.10901113086595,1.70315924333324
2.29063890612878,0,0,0,1.66268395792913,1.0489505,0.5
0,0.5,0,0.650154795980216,2.53040746093344,1.0935005,0.5989505
1.16599139874998,0,1.51671511091127,0.617165110911274,0,1.11612556091127,1.15568744405
1.0935005,1.19758085050483,0.658525400504829,0.64443051880075,0.5,1.7602462228846,0
1.60126667176595,0,0,1.15675220801262,0.657791758012623,1.97079647438307,0
0,2.10323136785566,0,1.14876114154165,1.0494356495,0.5544005,0.614590632739359
0,1.70465495422402,0,1.65627699288121,0,1.0044005,1.0988807638505
1.645676053745,1.0538460995,0,0,1.51749630815,1.1076492236,0
0,0,1.55182685,1.10673185,0.5544005,1.09791095,1.1424164
1.04405,0.9995,1.0886,0.59405,0.5495,1.128695,0
0.5,0.5,0,0.5,0.5,1.355,1.355
-0.271,-0.19,0,0,-0.1,-0.3439,0
0,-0.19,-0.271,0,-0.1,-0.271,-0.1
-0.19,-0.19,-0.1,0,-0.19,-0.1,-0.19
0,-0.19,-0.19,-0.19,-0.19,-0.1,-0.1
0,-0.19,-0.19,0,-0.271,-0.1,-0.19
0,-0.1,-0.19,-0.271,-0.271,0,-0.1
0,-0.19,0,-0.19,-0.271,-0.19,-0.1
-0.1,-0.1,-0.19,-0.1,-0.1,-0.3439,0
-0.271,0,-0.1,-0.271,-0.1,-0.19,0
0,-0.1,0,-0.19,-0.19,-0.271,-0.19
-0.19,-0.3439,-0.1,-0.19,0,0,-0.1
-0.1,-0.1,-0.271,-0.1,-0.1,0,-0.271
-0.1,-0.1,-0.19,-0.271,-0.1,-0.19,0
-0.19,-0.1,-0.19,0,-0.19,-0.19,-0.1
-0.19,-0.19,0,-0.1999,-0.1,0,-0.271
-0.1,-0.1,-0.19,-0.1,-0.1,-0.271,-0.1
0,-0.1,-0.19,-0.19,-0.271,-0.1,-0.1
-0.1,-0.19,-0.1,-0.19,-0.19,-0.19,0
-0.19,0,-0.1,0,-0.271,-0.271,-0.1
-0.19,0,-0.19,-0.40951,0,-0.1,0
0,-0.1,-0.1,-0.3439,-0.271,-0.1,0
0,-0.1,-0.1,-0.271,-0.1,-0.271,-0.1
-0.271,-0.19,-0.1,-0.1,0,-0.1,-0.19
-0.1,0,-0.19,-0.1,-0.2809,-0.1,-0.19
-0.1,-0.19,-0.1,-0.1,-0.19,-0.19,-0.1
-0.1,-0.1,-0.1,-0.1,-0.1,-0.271,-0.19
0,-0.271,-0.1,-0.19,-0.19,-0.1,-0.1
0,-0.19,-0.271,0,-0.19,-0.1,-0.19
0,-0.3439,-0.1,-0.1999,-0.1,-0.19,0
-0.1,-0.1,-0.1,-0.1,-0.19,-0.19,-0.19
0,-0.1,-0.40951,0,-0.1,-0.1,-0.19
-0.271,0,-0.1,-0.19,-0.1,-0.1,-0.19
-0.1,0,-0.3439,0,-0.271,-0.19,0
0,-0.19,-0.1,-0.271,-0.19,-0.1,-0.1
-0.1,-0.19,-0.19,-0.1,-0.19,-0.1099,-0.1
-0.1,-0.271,-0.1,-0.1,-0.1,-0.19,-0.1
-0.271,-0.1,0,-0.271,0,-0.19,-0.1
-0.1,0,-0.271,-0.1,0,-0.271,-0.19
-0.19,-0.1,0,-0.19,-0.19,-0.271,0
-0.271,0,0,0,-0.19,-0.19,-0.271
-0.19,-0.19,0,-0.1,-0.1,-0.271,-0.1
0,0,-0.271,-0.19,-0.19,-0.19,-0.1
-0.3439,0,-0.19,-0.1,-0.1,-0.1,-0.1
0,-0.19,-0.271,0,-0.1,-0.271,-0.1
0,-0.1,-0.19,-0.19,-0.19,-0.19,-0.1
0,-0.1,-0.1,-0.1,-0.3439,-0.271,0
0,-0.3439,-0.1,-0.271,-0.1,-0.1,0
-0.19,-0.1,-0.19,0,-0.1,-0.271,-0.1
-0.19,-0.271,-0.19,-0.1,-0.1,0,-0.1
0,-0.1,-0.271,-0.1,-0.19,-0.271,0
0,-0.19,0,-0.19,-0.19,-0.271,-0.1
0,-0.19,-0.19,0,-0.1,-0.3439,-0.1
-0.1,-0.19,-0.1,-0.1,-0.19,-0.271,0
-0.271,-0.1,-0.1,0,0,-0.271,-0.19
-0.19,-0.19,-0.1,-0.271,-0.1,0,-0.1
-0.1,0,-0.19,-0.271,-0.19,-0.1,-0.1
0,-0.19,-0.19,-0.1,-0.1,-0.271,-0.1
-0.1,-0.19,-0.1,-0.19,-0.1,-0.1,-0.19
-0.1,0,-0.19,-0.271,-0.19,0,-0.19
-0.19,0,0,-0.1,-0.19,-0.1999,-0.271
-0.19,-0.19,-0.1,-0.1,-0.1,-0.19,-0.1
-0.3439,0,-0.1,0,0,-0.1,-0.3439
0,-0.271,-0.1,-0.1,-0.1,-0.1,-0.271
-0.1,-0.1,-0.271,-0.1,0,-0.19,-0.19
0,-0.1,-0.271,-0.271,-0.1,-0.1,-0.1
-0.1,-0.19,0,0,-0.19,-0.271,-0.19
-0.3439,0,0,0,-0.1,0,-0.41941
-0.19,-0.1,-0.19,-0.1,-0.1,-0.19,-0.1
-0.3439,-0.1,0,-0.1,-0.19,-0.19,0
-0.271,-0.1,-0.19,-0.1,-0.1,0,-0.19
0,-0.1,-0.271,-0.40951,0,0,-0.1
-0.1,-0.3439,-0.1,-0.1,-0.1,-0.19,0
-0.1,0,0,-0.271,-0.19,-0.1,-0.271
-0.1,-0.19,0,-0.1,-0.40951,0,-0.1
-0.271,-0.1,-0.271,-0.1,0,-0.19,0
-0.3439,-0.1,-0.19,0,-0.19,-0.1,0
-0.1,-0.1,-0.271,-0.1,-0.19,-0.19,0
0,-0.271,-0.19,-0.1,0,-0.1,-0.271
0,-0.3439,0,-0.19,-0.271,-0.1,0
-0.19,-0.19,-0.19,0,0,-0.271,-0.1
-0.19,0,-0.271,-0.1,-0.271,0,-0.1
-0.1,-0.1,0,-0.1,-0.271,-0.1,-0.271
-0.271,-0.271,0,-0.19,-0.1,0,-0.1
0,-0.19,-0.19,-0.19,-0.271,0,-0.1
-0.1,-0.271,-0.19,-0.1,0,-0.19,-0.1
-0.19,-0.1,-0.1,-0.1,-0.19,-0.19,-0.1
-0.19,-0.19,-0.3439,0,0,-0.1,-0.1
-0.19,-0.1,-0.19,-0.1,-0.19,-0.19,0
-0.271,0,-0.1,0,-0.19,-0.1,-0.271
0,-0.19,-0.3439,-0.271,-0.1,0,0
0,0,-0.271,-0.19,-0.3439,0,-0.1
-0.1,-0.3439,0,-0.1,-0.19,-0.1,-0.1
-0.19,-0.1,-0.19,0,-0.19,-0.1,-0.19
0,-0.1,-0.1,-0.271,0,-0.271,-0.1999
-0.1,-0.1,-0.1,-0.1,-0.271,-0.19,-0.1
0,-0.19,-0.1,-0.1,-0.19,-0.19,-0.19
0,-0.1,0,-0.19,-0.1,-0.271,-0.271
-0.271,0,-0.1,-0.271,0,-0.19,-0.1
0,-0.19,0,-0.271,-0.3439,-0.1,0
-0.271,0,-0.19,-0.19,-0.1,-0.19,0
0,-0.1,-0.1,-0.271,-0.1,-0.271,-0.1
-0.19,0,-0.19,-0.1,-0.1,0,-0.3439
0,-0.1999,0,-0.1,-0.1,-0.271,-0.271
-0.19,-0.1,-0.19,-0.19,-0.1,-0.1,-0.1
0,-0.1,-0.40951,-0.1,-0.19,-0.1,0
-0.1,-0.1,0,-0.1,-0.271,-0.1,-0.271
-0.19,-0.19,-0.1,0,-0.19,-0.1,-0.19
-0.19,-0.1,0,-0.19,-0.19,-0.1,-0.19
-0.1,0,-0.19,-0.1,-0.271,-0.1,-0.1999
-0.1,-0.1,-0.19,-0.1,-0.19,-0.19,-0.1
-0.19,-0.1,-0.19,-0.1,-0.271,-0.1,0
-0.19,-0.271,-0.19,-0.1,-0.1,-0.1,0
-0.1,0,-0.1,-0.19,-0.1999,-0.19,-0.19
-0.271,-0.1,-0.1,-0.19,-0.1,-0.1,-0.1
-0.1,-0.40951,0,-0.1,-0.1,-0.19,0
-0.1,-0.19,0,-0.1,-0.19,-0.271,-0.1
0,-0.19,-0.19,0,-0.1,-0.3439,-0.1
-0.1,-0.1,-0.3439,-0.1,-0.19,-0.1,0
0,-0.271,-0.1,-0.271,-0.19,0,-0.1
0,-0.1,-0.1,-0.19,-0.20881,-0.19,-0.19
-0.19,-0.1,-0.19,-0.1,-0.19,-0.1,-0.1
-0.271,-0.19,-0.1,0,-0.1,-0.1,-0.19
-0.271,0,-0.1,-0.19,0,-0.19,-0.19
-0.1,-0.271,-0.3439,-0.1,0,-0.1,0
-0.1,-0.19,-0.1,0,-0.1,-0.271,-0.19
-0.1,-0.19,-0.19,-0.19,-0.1,-0.19,0
-0.19,-0.271,-0.19,-0.1,0,-0.19,0
0,0,-0.3439,-0.1,-0.271,0,-0.19
-0.271,0,0,-0.19,-0.1999,-0.28981,0
-0.1,-0.1,-0.1,-0.19,-0.19,-0.19,-0.1
-0.19,0,-0.1,-0.271,-0.1,0,-0.271
-0.1,0,-0.1,-0.19,-0.19,-0.1,-0.271
-0.1,-0.1,-0.19,0,-0.40951,-0.1,0
0,-0.3439,-0.1,-0.1,0,-0.271,-0.1
-0.3439,-0.19,-0.19,0,0,-0.19,0
-0.1,-0.19,-0.1,-0.1,-0.1,-0.1099,-0.271
-0.19,-0.19,-0.1,-0.1,-0.1,-0.19,-0.1
0,-0.1,-0.3439,0,-0.1,-0.271,-0.1
0,-0.1,-0.1,-0.1,-0.1999,-0.271,-0.19
-0.1,-0.19,-0.19,-0.1,-0.1,-0.1,-0.19
-0.271,-0.1,-0.19,-0.271,0,-0.1,0
0,-0.19,-0.1,-0.19,-0.19,-0.1,-0.19
-0.19,-0.1,-0.19,-0.19,-0.1,0,-0.19
0,-0.19,-0.19,-0.1,-0.1999,-0.271,0
-0.19,-0.1,-0.1,-0.271,-0.1,-0.1,-0.1
-0.271,-0.1,-0.1,0,0,-0.271,-0.19
-0.1,-0.1,-0.19,-0.19,-0.19,-0.1,-0.1
-0.19,0,-0.19,-0.19,0,-0.1,-0.271
0,0,-0.19,-0.19,-0.19,-0.1,-0.271
-0.1,-0.19,-0.1,-0.19,0,-0.19,-0.19
-0.19,-0.271,-0.1,-0.1,-0.1,-0.1,-0.1
-0.1,-0.19,0,0,-0.1,-0.40951,-0.1
0,-0.271,-0.1,-0.271,-0.1,-0.19,0
0,0,-0.1,-0.1,-0.19,-0.271,-0.271
-0.19,-0.19,0,-0.19,0,-0.19,-0.19
-0.271,-0.1,-0.19,-0.19,0,0,-0.19
-0.1,-0.1,-0.1,-0.19,-0.3439,0,-0.1
-0.1,-0.19,-0.1,-0.19,0,-0.271,-0.1
-0.1,-0.271,0,-0.271,-0.19,0,-0.1
-0.1,-0.19,-0.19,-0.19,0,-0.271,0
-0.19,-0.19,-0.1,-0.19,-0.19,0,-0.1
-0.1,-0.19,0,0,-0.3439,-0.19,-0.1
0,0,-0.1,-0.40951,-0.1,-0.19,-0.1
-0.1,0,0,-0.40951,-0.19,0,-0.19
-0.40951,-0.19,0,-0.19,0,-0.1,0
-0.19,-0.1,0,-0.1,-0.1,-0.19,-0.271
-0.1,0,-0.19,-0.271,-0.19,-0.19,0
-0.19,-0.1,-0.19,-0.19,-0.1,0,-0.19
0,-0.1,-0.19,-0.40951,-0.1,0,-0.1
0,-0.19,-0.1,0,-0.19,-0.271,-0.19
-0.19,-0.1,-0.1,-0.19,-0.19,-0.1,-0.1
-0.3439,-0.1,-0.1,-0.1,-0.1,-0.19,0
-0.1,0,-0.1,-0.19,-0.271,-0.19,-0.1
-0.19,-0.271,0,-0.1,0,-0.19,-0.19
-0.1,0,-0.1,-0.19,-0.1,-0.1,-0.3439
-0.1,-0.19,0,-0.1,-0.271,-0.1,-0.19
-0.271,-0.3439,-0.1,-0.1,0,0,-0.1
-0.271,-0.19,0,0,-0.19,-0.1,-0.19
-0.271,-0.1,-0.1,-0.1,0,-0.19,-0.19
-0.19,0,-0.19,-0.1,-0.1,-0.19,-0.19
-0.19,0,0,-0.1,-0.1,-0.1,-0.40951
-0.19,0,-0.19,0,-0.1,-0.3439,-0.1
-0.271,-0.1,-0.3439,0,0,-0.1,-0.1
-0.1,-0.1,-0.19,0,-0.271,-0.19,-0.1
-0.19,-0.1,0,-0.19,-0.1,-0.1,-0.271
-0.271,-0.19,-0.1,-0.1,0,-0.1,-0.19
0,-0.1,-0.1,-0.271,-0.271,-0.1,-0.1
-0.19,-0.1,-0.1,0,-0.19,-0.19,-0.19
-0.19,-0.1,-0.271,-0.19,-0.1,-0.1,0
0,-0.271,0,-0.271,0,-0.19,-0.19
-0.1,-0.1,-0.2809,-0.19,0,-0.1,-0.19
-0.271,-0.1,-0.1,-0.19,-0.1,-0.1,-0.1
-0.19,-0.19,-0.1,-0.19,-0.19,0,-0.1
-0.19,-0.19,-0.1,0,-0.271,0,-0.19
-0.3439,0,0,0,0,-0.40951,-0.1
-0.1,-0.1,-0.19,-0.1,-0.1,0,-0.3439
-0.1,0,-0.271,0,-0.1,-0.271,-0.19
-0.1,-0.3439,-0.1,-0.1,-0.19,-0.1,0
0,-0.271,-0.1,0,-0.19,-0.271,-0.1
-0.1,-0.1,0,-0.1,-0.271,-0.271,-0.1
-0.19,0,-0.1,-0.271,-0.1,-0.1,-0.19
0,-0.1,0,-0.1,-0.271,-0.3439,-0.1
-0.19,-0.1,-0.271,-0.1,-0.1,0,-0.19
-0.1,-0.19,-0.19,-0.1,-0.19,0,-0.19
-0.1,-0.1,-0.271,-0.1,-0.1,-0.1,-0.19
0,0,-0.1,-0.19,-0.19,-0.3439,-0.1
-0.19,-0.19,0,-0.1,-0.19,-0.1,-0.19
-0.19,-0.271,0,-0.19,-0.1,-0.1,-0.1
0,-0.1,-0.3439,-0.1,-0.19,-0.1,-0.1
-0.1,0,-0.1,0,-0.271,-0.1,-0.3439
-0.19,0,-0.271,-0.1,-0.271,0,-0.1
-0.1,-0.1,-0.19,-0.1,-0.19,0,-0.271
0,0,-0.1,-0.19,-0.19,-0.19,-0.271
-0.1,-0.271,-0.1,-0.271,0,0,-0.19
-0.19,-0.19,0,-0.19,0,0,-0.3439
-0.1,-0.1,-0.1,0,-0.271,-0.19,-0.19
-0.1,-0.1,0,-0.1,-0.40951,0,-0.19
0,-0.1,-0.1,0,-0.19,-0.3439,-0.19
-0.1,-0.19,-0.19,-0.1,-0.19,-0.19,0
-0.271,-0.19,-0.19,-0.1,-0.19,0,0
-0.1,-0.1,0,-0.271,-0.19,-0.271,0
-0.271,0,-0.3439,-0.1,0,-0.19,0
-0.1,-0.1,-0.271,-0.271,0,0,-0.19
0,-0.271,0,-0.1,-0.19,-0.1,-0.271
-0.1,0,-0.19,-0.3439,-0.271,0,0
-0.1,-0.1,-0.1,-0.19,-0.271,0,-0.19
-0.19,-0.1,-0.19,-0.271,0,0,-0.19
0,-0.40951,0,-0.19,-0.1,-0.19,0
0,-0.1,-0.1,-0.19,-0.1,-0.271,-0.19
0,-0.1,-0.271,-0.1,-0.19,-0.19,-0.1
0,-0.1,-0.19,-0.1,-0.1,-0.1,-0.3439
0,-0.19,-0.1,-0.19,0,-0.3439,-0.1
0,-0.1,-0.1,-0.19,-0.271,-0.1,-0.19
-0.19,-0.1,-0.1,-0.19,-0.19,0,-0.19
-0.1,-0.1,0,-0.19,-0.271,-0.1,-0.19
0,-0.19,-0.19,-0.1,0,-0.3439,-0.1
-0.1,-0.1,0,-0.1,-0.19,-0.1,-0.3439
-0.271,-0.271,-0.1,-0.19,0,0,-0.1
-0.1,-0.1999,-0.1,-0.1,-0.1099,-0.19,-0.1999
-0.19,-0.19,-0.19,-0.1,-0.1,-0.1,-0.1
-0.1,-0.271,-0.19,-0.1,-0.1,0,-0.19
-0.19,-0.1,-0.40951,-0.1,-0.1,0,0
0,-0.271,-0.19,0,-0.1,-0.271,-0.1
-0.19,0,-0.19,0,-0.271,-0.271,0
0,0,-0.271,-0.19,-0.19,-0.271,0
-0.1,-0.271,-0.1,0,-0.271,-0.19,0
-0.19,-0.1,0,-0.1,0,-0.271,-0.271
-0.271,0,-0.1,-0.19,-0.1,-0.271,0
-0.19,-0.271,-0.19,-0.1,-0.1,-0.1,0
-0.271,-0.19,-0.271,-0.1,0,0,-0.1
-0.1,0,-0.3439,-0.19,-0.1,-0.1099,-0.1
-0.1,-0.1,-0.1,-0.1,-0.1,-0.19,-0.271
0,-0.3439,-0.271,-0.1,0,-0.1,-0.1
-0.19,-0.19,-0.1,-0.1,-0.271,-0.1,0
-0.19,0,-0.19,-0.19,-0.19,-0.1,-0.1
-0.1,-0.1,-0.19,-0.19,-0.19,-0.19,0
0,-0.1,-0.19,-0.19,0,-0.271,-0.19
-0.1,-0.19,-0.19,-0.271,0,-0.1,-0.1
-0.271,0,-0.1,-0.1,-0.19,-0.19,-0.1
-0.1,-0.19,-0.1,-0.19,-0.1,-0.1,-0.19
0,-0.1,-0.1,-0.19,-0.271,-0.19,-0.1
-0.19,-0.1,0,-0.3439,-0.19,-0.1,0
-0.19,-0.271,-0.1,-0.19,0,-0.1,-0.1
0,-0.1999,-0.271,-0.1,-0.19,-0.1,-0.1
-0.1,-0.19,-0.1,-0.1,-0.19,-0.19,-0.1
-0.1,-0.1,-0.1,-0.1,0,-0.19,-0.3439
-0.1,-0.1999,-0.1099,0,-0.271,-0.19,-0.1
-0.19,-0.1,-0.1,-0.1,-0.1,-0.19,-0.19
-0.271,0,-0.19,-0.19,0,0,-0.271
-0.1,0,-0.271,0,-0.1,-0.3439,-0.1
-0.19,-0.19,0,0,-0.271,-0.1,-0.19
0,-0.1,0,-0.19,-0.271,-0.19,-0.19
-0.19,-0.19,0,-0.1,-0.1,-0.3439,0
-0.40951,-0.19,-0.1,0,-0.1,-0.1,0
-0.19,-0.1,-0.19,0,-0.19,-0.19,-0.1
-0.28981,0,-0.19,-0.1999,-0.19,0,-0.1
-0.1,-0.1,-0.19,-0.271,-0.1,-0.1,-0.1
-0.19,-0.1,0,-0.19,-0.3439,0,-0.1
-0.271,-0.19,0,-0.1,-0.1,-0.1,-0.19
-0.1,0,-0.1,-0.19,-0.19,0,-0.3439
-0.19,0,0,-0.1,-0.19,-0.1,-0.3439
-0.1,-0.19,-0.19,-0.19,-0.1,-0.1,-0.1
-0.1,-0.19,-0.1,0,-0.3439,-0.1,-0.1
-0.1,-0.1099,-0.1,0,-0.19,-0.19,-0.271
-0.1,-0.19,-0.1,-0.1,-0.19,-0.19,-0.1
-0.19,0,-0.1,-0.1,-0.271,-0.1,-0.19
0,0,-0.19,-0.271,-0.19,0,-0.271
-0.1,-0.271,0,0,-0.1,-0.1,-0.3439
-0.19,-0.1,-0.1,-0.19,-0.271,-0.1,0
-0.19,-0.271,-0.19,-0.1,-0.1,-0.1,0
-0.1,-0.19,-0.19,0,0,-0.19,-0.271
-0.1,-0.1,0,-0.19,-0.271,-0.19,-0.1
-0.19,-0.19,-0.1,-0.19,-0.19,-0.1,0
-0.1,-0.271,-0.271,-0.1,-0.19,0,0
0,0,0,-0.271,-0.271,-0.271,-0.1
-0.1,-0.1,-0.19,-0.19,0,-0.19,-0.19
0,-0.19,-0.271,-0.1,-0.19,-0.1,-0.1
-0.1,-0.19,-0.19,-0.1,-0.271,0,-0.1
-0.1,-0.1,-0.1,0,-0.19,-0.19,-0.271
0,-0.271,-0.1,-0.19,-0.1,-0.271,0
-0.1,-0.1,-0.271,-0.271,-0.1,-0.1,0
-0.1,-0.40951,-0.1,-0.19,-0.1,0,0
0,-0.1,-0.3439,-0.19,-0.19,0,-0.1
-0.1,-0.271,-0.1,-0.19,-0.1,-0.19,0
-0.1,0,-0.19,-0.1,-0.1,-0.1,-0.3439
0,-0.271,-0.1,-0.19,-0.19,-0.1,-0.1
-0.1,-0.1,-0.1,-0.271,-0.271,0,-0.1
-0.271,-0.1,-0.19,0,0,-0.19,-0.19
-0.1,-0.271,0,-0.1,-0.271,0,-0.19
-0.271,-0.1,-0.19,0,-0.19,-0.1,-0.1
-0.19,-0.1,-0.1,-0.1,-0.19,-0.19,-0.1
-0.19,0,-0.1,-0.1,-0.271,-0.19,-0.1
-0.1,0,0,-0.271,-0.1,-0.271,-0.19
-0.19,-0.1,-0.1,-0.1,-0.271,0,-0.19
-0.19,0,-0.3439,-0.271,0,0,-0.1
-0.1,-0.1,-0.19,0,-0.19,-0.19,-0.19
-0.1,-0.19,0,-0.19,-0.1,-0.19,-0.19
-0.1,0,-0.19,-0.271,-0.1,-0.1,-0.19
-0.271,-0.1099,-0.1099,-0.19,-0.1,0,-0.19
-0.19,-0.19,-0.1,-0.1,-0.19,-0.1,-0.1
0,-0.1,-0.19,-0.271,-0.19,-0.19,0
-0.1,-0.1,-0.271,0,-0.1,-0.1,-0.271
0,-0.19,0,-0.1,-0.19,-0.19,-0.271
0,-0.1,-0.271,-0.1,-0.271,-0.19,0
0,-0.271,-0.19,-0.271,-0.1,-0.1,0
-0.271,0,-0.19,-0.19,-0.1,-0.1,-0.1
0,0,0,-0.1,-0.19,-0.271,-0.3439
0,0,-0.1,-0.271,-0.1,-0.19,-0.271
0,-0.19,-0.271,0,-0.19,-0.1,-0.19
-0.271,-0.1,0,-0.271,-0.1,-0.1,-0.1
-0.1,-0.1,-0.19,-0.271,0,-0.19,-0.1
-0.19,-0.19,0,-0.1,-0.1,-0.19,-0.19
-0.1,0,-0.19,-0.1,-0.19,-0.19,-0.19
-0.19,0,-0.19,-0.19,-0.1,0,-0.271
0,-0.271,-0.1,-0.19,-0.1,-0.19,-0.1
-0.19,-0.19,-0.1,0,-0.19,-0.271,0
-0.19,-0.19,-0.1,-0.19,0,-0.1,-0.19
0,-0.1,-0.3439,0,-0.1,-0.1,-0.271
-0.19,-0.1,-0.1,-0.1,-0.271,-0.1,-0.1
-0.1,0,-0.1,0,-0.19,-0.3439,-0.19
-0.1099,0,-0.3439,-0.1,0,-0.271,-0.1
-0.19,-0.19,-0.1,-0.1,-0.1,-0.19,-0.1
0,-0.1,0,-0.19,-0.3439,-0.19,-0.1
-0.40951,-0.1,0,-0.1,0,-0.271,0
-0.1,-0.19,0,-0.3538,-0.19,-0.1,0
-0.19,-0.19,-0.19,-0.1,-0.1,-0.1,-0.1
-0.19,0,-0.19,-0.1,-0.19,-0.1,-0.19
-0.1,-0.271,0,0,-0.19,-0.1,-0.271
-0.1,-0.19,-0.1,-0.19,0,-0.19,-0.19
0,-0.3439,0,-0.1,-0.1,-0.1,-0.271
-0.19,-0.19,-0.19,0,-0.1,-0.19,-0.1
-0.1,-0.19,-0.19,0,-0.271,-0.1,-0.1
-0.1,-0.1,-0.1,-0.271,-0.271,0,-0.1
-0.1,-0.3439,-0.1,0,-0.1,-0.271,0
-0.3439,-0.1,-0.1,0,0,-0.19,-0.19
-0.19,-0.271,0,-0.1,-0.19,-0.1,-0.1
0,-0.19,-0.271,-0.1,-0.19,-0.1,-0.1
0,-0.1,-0.1,-0.1,0,-0.3439,-0.271
0,-0.1,-0.271,0,-0.1,-0.1,-0.3538
-0.19,-0.19,-0.19,-0.1,-0.1,-0.1,-0.1
-0.19,-0.1,-0.1,0,-0.1,-0.19,-0.271
-0.19,0,0,-0.271,-0.19,-0.1,-0.19
0,0,-0.40951,-0.19,-0.1,0,-0.19
-0.271,0,0,0,0,-0.3439,-0.271
0,-0.19,-0.271,-0.1,-0.1,-0.19,-0.1
-0.1,0,-0.19,-0.19,-0.19,-0.19,-0.1
-0.3439,-0.1,-0.19,0,-0.19,0,-0.1
-0.19,-0.1,-0.1,-0.271,-0.1,-0.1,-0.1
-0.19,-0.19,0,0,-0.19,-0.271,-0.1
-0.3439,-0.1,-0.1,-0.1,-0.1,-0.1,-0.1
-0.1,-0.1,-0.1,-0.1,-0.1,-0.1,-0.3439
-0.19,-0.271,0,-0.1,0,-0.1,-0.2809
-0.1,-0.1,-0.1,-0.19,-0.1,-0.271,-0.1
-0.271,-0.19,-0.1,-0.1,0,-0.1,-0.19
-0.19,-0.40951,-0.1,-0.1,0,0,-0.1
-0.1,0,-0.1,-0.19,-0.19,-0.1,-0.271
-0.271,0,-0.271,-0.1,0,-0.19,-0.1
0,0,0,-0.1,-0.1,-0.19,-0.468559
-0.19,-0.1,-0.1,-0.271,0,-0.1,-0.19
-0.19,-0.19,-0.19,-0.1,0,-0.1,-0.19
0,-0.271,-0.3439,0,0,-0.1,-0.19
-0.1,-0.19,0,-0.19,-0.1,-0.271,-0.1
-0.19,-0.271,-0.1,-0.271,0,-0.1,0
0,0,-0.19,-0.19,-0.19,-0.3439,0
-0.271,-0.1,-0.19,-0.19,0,-0.19,0
0,-0.19,-0.3439,-0.1,-0.19,-0.1,0
-0.19,-0.19,-0.1,0,-0.19,-0.271,0
-0.19,-0.1,-0.19,-0.19,0,-0.19,-0.1
-0.19,-0.271,-0.19,-0.1,-0.1,0,-0.1
-0.1,-0.19,0,-0.1,-0.19,-0.271,-0.1
-0.19,-0.1,-0.1,-0.1,-0.3439,0,-0.1
-0.1,0,-0.271,-0.1,-0.19,-0.1,-0.19
-0.1,-0.1,0,-0.271,-0.1,-0.19,-0.19
-0.1,-0.19,-0.19,0,-0.19,-0.19,-0.1
-0.19,-0.19,-0.19,-0.1,-0.19,-0.1,0
0,0,-0.1,-0.271,-0.1,0,-0.40951
-0.1,-0.19,-0.19,0,0,-0.19,-0.271
-0.1,-0.271,-0.1,-0.19,-0.271,0,0
-0.271,-0.1,0,-0.1,-0.19,-0.19,-0.1
0,-0.19,-0.271,-0.1,-0.271,-0.1,0
-0.19,-0.1,0,-0.40951,-0.1,0,-0.1
-0.3439,-0.19,-0.1,0,-0.1,-0.19,0
0,-0.19,-0.1,-0.1,-0.1,-0.19,-0.271
-0.271,0,-0.19,-0.1,-0.271,0,-0.1
0,-0.1,-0.1,-0.19,-0.1,-0.271,-0.19
-0.19,0,-0.271,-0.1,-0.19,-0.1,-0.1
-0.1,0,-0.1,-0.3439,-0.19,-0.1,-0.1
-0.19,-0.1999,-0.19,-0.271,-0.1,0,0
-0.1,-0.19,-0.1,-0.1,-0.19,-0.19,-0.1
-0.1,-0.1,-0.19,-0.1,-0.19,-0.19,-0.1
-0.271,-0.1,-0.1,-0.1,-0.19,-0.19,0
0,-0.19,-0.19,-0.1,-0.1,-0.1,-0.271
-0.19,0,-0.19,0,-0.19,-0.271,-0.1
-0.1099,-0.1999,-0.1,-0.41941,-0.1,0,0
-0.1,-0.1,-0.1,-0.19,-0.1,-0.1,-0.271
-0.1,0,-0.1,-0.271,-0.19,-0.19,-0.1
-0.19,-0.1,0,0,-0.19,-0.271,-0.19
-0.3439,0,0,-0.271,-0.1,-0.1,-0.1
-0.271,-0.271,0,-0.1,0,0,-0.271
-0.1,0,-0.1,-0.3439,0,-0.1,-0.271
0,-0.271,-0.19,-0.1,-0.1,-0.19,-0.1
-0.1,-0.1,0,-0.19,-0.19,-0.271,-0.1
-0.19,-0.1,-0.1,-0.1,-0.1,-0.3439,0
-0.1,0,-0.1,-0.271,-0.19,-0.1,-0.19
-0.1,-0.3439,-0.1,-0.2809,0,0,-0.1
-0.1,-0.1,-0.19,-0.1,-0.1,-0.19,-0.19
0,-0.271,-0.1,-0.1,0,-0.271,-0.19
-0.19,-0.1,-0.1,-0.1,-0.19,-0.1,-0.19
-0.1,-0.1,-0.271,-0.19,-0.1,-0.1,-0.1
-0.19,-0.3439,0,0,0,-0.19,-0.19
-0.19,-0.19,-0.1,0,0,-0.19,-0.271
0,-0.3439,-0.1,-0.1,-0.3439,0,0
-0.1,0,-0.271,0,-0.19,-0.271,-0.1
-0.269408115298932,-0.1,-0.1,-0.1,0,-0.3439,0
-0.0455995,0,-0.0446296861495,-0.050448677454245,-0.084355450818351,-0.080381198733801,0.016079643445134
0.6083001688505,0.5592960995,0,0.5544005,1.17252165096095,1.72322945939021,1.1116666584005
0,1.66858308905,0,0.6439410995,1.0939410995,2.181715294145,0
0,1.25193595376516,1.4539505,0.5548856495,1.15826751760595,0.6096144829505,0.6589136598764
1.1072169995,0,1.06764450154165,1.6051884836,1.21409858116117,0.666667686611169,0
1.6835119859714,1.1883282984005,0,1.1493615359714,1.13800595,0,0.6993615359714
1.15568744405,0.65672699405,2.0137528886,0.5592960995,0.65672699405,0,0.5592960995
1.58310095,0.5989505,1.0489505,1.2031737002437,0.5989505,0,0.6104868787814
1.24133447219028,0,0.5544005,0.61266258905,0.61266258905,1.1160290786,1.55288393273172
0,0.619158045834019,1.54882760335075,1.14906709136642,1.0935005,1.13800595,0
1.20361662458605,1.20802175632916,0.5593441293005,0.9995,1.0583045793005,0,0.5548856495
0.657887554297731,1.1077496456212,1.19631936962642,0.5495,0,1.6093056859021,0.5994356495
1.58411399067095,0,1.0044005,0.650816404690155,1.59482378078516,0,0.605831093319706
1.06900094262329,0.5549336793005,1.17252920037978,0.5544005,1.52339802717329,0.5495,0
1.20202972346755,1.1526820360021,0.5544005,0,0.5548856495,1.1081320360021,1.25045086840399
0.5544005,0.6488318034005,0,1.5972932929505,1.24881213650093,0.700552155861351,1.1433818034005
0,0,1.66528801455031,1.0627106188505,0.672762957584855,0,2.02577935213485
1.62848808905,1.1384910995,0.5989505,1.745080379645,0,0.6439410995,0
0.6043787456212,1.16647878126801,1.21935374774377,0.6043787456212,0.5548856495,0,1.4539505
0.5544005,0,1.20697633474117,0.5,1.65201400907784,1.68725727169253,0
2.05168001628675,0,0,2.13591498903049,0.5544005,0.5548856495,0
1.15853239820458,1.5532768697212,0.5,0,1.64848196999458,0.6048153801712,0
1.16189577610232,0.5,1.60659725091411,0.6091778484005,1.0587412138505,0,0.662105166364111
0,1.14922231887866,0.5,1.1028065495,1.63742592286981,0.6038460995,0.5495
1.05428273405,0.60428273405,0,1.259968949807,1.0489505,1.0591298186,0.5548856495
0,0.5544005,2.138910233,0.5544005,0.5,1.603830065,0
0.5495,0.5495,1.16879,0.634145,0.5,1.57379,0.5495
0,1.355,1.355,0,0.95,0.5,0.5
0,0,-0.271,-0.40951,0,-0.1,-0.1
0,-0.19,-0.19,-0.1,-0.1,-0.19,-0.19
0,-0.1,0,-0.19,-0.19,-0.271,-0.19
-0.19,-0.19,-0.271,0,-0.19,0,-0.1
0,-0.19,-0.271,-0.1,-0.1,-0.1,-0.19
-0.1,-0.1,-0.1,-0.271,-0.19,0,-0.19
0,-0.1,-0.1,-0.1,-0.3439,-0.1,-0.19
-0.19,-0.1,-0.1,0,-0.19,-0.1,-0.271
-0.1,-0.271,-0.271,-0.19,0,0,-0.1
-0.19,0,-0.3439,-0.1,-0.1999,-0.1,0
-0.1,-0.1,-0.19,-0.1,-0.19,-0.19,-0.1
-0.271,0,-0.1,-0.19,-0.1,-0.1,-0.19
-0.271,0,-0.19,-0.19,0,-0.19,-0.1
-0.1,-0.1,0,-0.3439,-0.19,0,-0.19
0,-0.1,0,-0.271,0,-0.271,-0.271
-0.19,-0.19,-0.271,-0.1,-0.1,0,-0.1
-0.271,-0.19,-0.1,-0.271,-0.1,0,0
-0.271,-0.1,0,-0.1,-0.1,0,-0.3439
-0.1,-0.1,-0.19,-0.19,-0.1,-0.19,-0.1
-0.19,0,-0.40951,-0.19,0,-0.1,0
-0.3439,0,-0.1,-0.19,0,-0.1,-0.19
0,-0.271,-0.19,-0.1,-0.1,0,-0.271
-0.1,-0.19,-0.19,-0.271,0,-0.19,0
0,-0.19,-0.19,-0.1,-0.271,-0.1,-0.1
-0.1,0,-0.271,-0.19,-0.271,0,-0.1
-0.271,-0.19,0,-0.271,0,-0.19,0
-0.19,-0.1,-0.1,-0.1,-0.271,0,-0.19
0,0,-0.271,-0.1,-0.19,-0.1,-0.271
-0.19,-0.1,0,-0.1,-0.1,-0.19,-0.271
-0.19,-0.3439,0,-0.19,-0.1,-0.1,0
-0.19,-0.19,-0.19,0,-0.1,-0.1,-0.19
0,-0.19,-0.19,-0.19,0,0,-0.3439
-0.1,-0.1,-0.19,-0.271,-0.1,0,-0.19
0,-0.40951,0,-0.19,-0.19,0,-0.1
0,-0.19,-0.19,-0.271,-0.19,0,-0.1
-0.1,-0.19,-0.1,-0.19,0,-0.3439,0
-0.1,0,-0.3439,-0.3439,0,-0.1,0
-0.1,-0.19,-0.19,-0.19,0,-0.19,-0.1
-0.1,-0.1,-0.271,-0.19,0,-0.19,-0.1
0,-0.1,-0.271,-0.1,-0.19,-0.1,-0.19
-0.271,0,-0.271,0,-0.19,0,-0.19
-0.1,-0.3439,0,-0.19,0,-0.1,-0.19
-0.271,0,-0.19,0,-0.19,-0.19,-0.1
-0.1,0,0,-0.19,-0.3439,-0.1,-0.19
-0.1,-0.271,-0.1,0,-0.1,-0.1,-0.271
-0.19,-0.19,-0.1,0,-0.271,0,-0.19
0,-0.1,-0.19,-0.19,-0.19,-0.19,-0.1
-0.19,-0.19,-0.1,0,-0.19,-0.19,-0.1
-0.266122467869721,-0.09508509490488,-0.19,-0.095122467869721,0,0,-0.271
0.049645506011313,-0.016226392499695,0,0.185527053300307,0,0,-0.0362721515995
0.613679846736949,1.0092960995,0,2.85522387484976,0,0.5544005,0
0.5989505,0,1.15752907732528,0.5,1.1482812801712,1.64267898232528,0.5495
0.6038941293005,1.5546908210374,0.5544005,0.60433551880075,1.1032912138505,0.614560753972022,0.60433551880075
1.56306636855733,0,1.15717933305073,0.6038941293005,1.56707900037778,0,0.5544005
1.15278280301262,0.5,1.68722795919698,1.0494356495,0,1.19772004047807,0
0.658131992775279,1.55376114154165,1.15228902168028,0,0.657739021680279,1.0538460995,0.6087891956212
1.0048856495,0,2.05323110198191,0,1.59729285631595,0,0.6043307638505
1.60460696707343,0,0.5,1.0538460995,0.60485860699165,1.20444440199547,0.605376892639134
1.06441305696095,1.16782100614126,0.712821871789653,0.5495,0.5548856495,0,1.61688541114126
2.14971587666316,0,0,1.11162303905,0.5495,0.6082565495,1.11221271683766
0.5,0.5989505,0.5989505,0,1.63851229128945,0,2.08808497929725
1.15461551807525,1.15461551807525,0,0.5544005,1.50983163269435,0.5548856495,0.610281632694349
1.009781249,0,1.27882931195341,0.619405885801499,1.058741699,1.1139558858015,0.673068058922848
1.7481622113419,1.22871149365056,0,0.79851809519516,0.662654158601,0.5,1.27762739365056
3.01533429490061,0.608801,0.698871299,0.8865934435319,0,1.6044986284628,0
0,1.099,0,2.31827904093151,1.32054821782693,3.9049842781,2.2999579266628
0,2.2144251781,2.008801,1.118592199,1.22900844465056,3.23786078613056,1.2253251781
1,1.197901,2.4223725454588,2.21810844465056,2.3132166126319,0,2.2760119
0,2.196792199,0,3.29937737906971,2.31761661247416,1.999,1.217482427701
3.53224610208958,0,1.207692199,1.25141943386932,1.207692199,2.008801,2.196792199
0,4.32058515572927,0,3.66525508316708,1.3796238661733,1,1.198871299
4.7487982995533,0,2.46557726252156,1.2976722434324,1.2976722434324,1.099,0
0,1.1990633221424,2.0990633221424,3.45284324728025,1.30064651328872,3.006790337701,0
1.119561527701,3.96031702343842,1.109771299,2.2162669026319,1.2271669026319,0,1.108801
1.207692199,2.2946151781,1.207692199,3.23032525904575,1.099,1.118592199,1
2.097901,1.099,1.21862448117056,2.29769510391146,2.29769510391146,1.197901,1.31746561422406
1.999,2.31752834413109,0,1.108801,0,3.20672337600061,2.2180222617319
0,0,2.22447536123615,2.2144251781,1.207692199,2.205613099,3.21352490735167
2.46889420261303,1.099,3.19799927526936,1.197901,2.37752890137528,1.2095347487712,0
3.94730608700031,1.1092861495,0,1.1185917138505,3.1301856087814,0,1.32208938565258
0,1,1.1039005,1.1978960995,2.27600258905,3.25342813790484,2.28426575227825
1.0592960995,2.98147224523482,1,1.1176012655999,1.9989505,1.1043787456212,1.1176012655999
1.1878915717162,1.0543307638505,0.688891414535404,1.1834414145354,0,0.5989505,1.30889368761727
0,0,1.9079940862162,1.16339938614999,0.9995,0.560317636642173,0.560317636642173
0.5544005,0.5549336793005,0.5,1.70416731608095,0.5548856495,0.60926905699165,1.10381905699165
1.14919244914573,0.5,1.19897681325687,0.5544005,0.5495,1.59864982524073,0
0,0.5495,0.5,0.617994326524992,1.12179701399044,1.56645581607499,1.06358345131595
0.5544005,0.5495,0.6038460995,1.09840039454082,1.72107609022257,0.6038460995,0.648400394540824
1.49899388425075,0.604431002092173,1.51821036383588,0.5548856495,0.559876722636949,0,0.559881002092173
1.14923135328413,1.05485860699165,0.5549336793005,0.5495,1.14919244914573,0.5548856495,0.5544005
1.0587412138505,1.20779266145623,0.6091778484005,1.0591778484005,0.5495,0.5548856495,0.6091778484005
0.6038460995,0,0.622883893235703,1.6114403827857,1.62373272674408,0,1.1028065495
1.77041653731395,0,1.77548691833173,0,1.0048856495,0,1.0489505
0,1.10916499838547,2.4135814751513,0.6038941293005,0,0.6038941293005,0.5495
1.0044005,1.0494356495,0.559828793651,0.609331342132998,1.1131772564189,1.15848552448539,0
0.5,1.16229998374129,0.604331249,1.1043569912424,0.604331249,0.605396541242399,1.11199309662314
0.614621037601499,0,1.58160087144285,1.1862939052842,1.064611527701,1.08313497144285,0
0.707788258601,1.157788258601,0,0.599,1.255709158601,1.91810618080871,0.609771299
1.119561527701,2.098871299,2.3469238739292,2.0213071926319,1.1213071926319,1.119561527701,1.108801
1.2253251781,2.41907651039046,1.099,1.207692199,2.23215353129046,1.108801,2.32811783839
1.22735873375116,1.197901,1.099,2.097901,1.4045724828372,3.35508617465116,1.4045724828372
0,1.2986319661733,2.2965528661733,0,1.109771299,1.208661527701,5.00885140433877
1.2360740720042,1,0,3.016484506801,2.2163628661733,3.34262365840835,0
2.384586585901,0,2.295584506801,2.37852108215345,2.28942108215345,1.297663606801,1.38942108215345
0,0,2.53330452249411,0,2.9364769239833,3.93354628437827,1.33331816973374
0,1,4.34023699551319,2.287645696801,1.197901,0,2.376656596801
0,1.22717675752172,0,3.015613099,1.216513099,3.13203854662172,2.33568415305534
0,2.33560678066451,2.29471472244165,1,1.24066334046703,2.187001,2.29471472244165
0,2.4309428330003,3.2485692548764,1.1039005,1.27944359631595,1.27944359631595,1.999
2.98437572874253,1.1171646401712,0,2.82266258905,1.1171646401712,2.0617146401712,0
1.1834812138505,1.22440895131595,0.5,0,1.1834812138505,1.1389757638505,0.6444257638505
1.65472932889959,1.164058919195,1.4588460995,0.5592960995,0.61266258905,0,0
1.13800595,1.13800595,0.5495,1.55826862378374,0.614213173783744,0,0.5989505
1.15366842205802,0.9995,0.5549336793005,0.609273807186949,0.5544005,1.16684477934145,0.663078173150595
1.64725427424844,1.69139085647928,0.5495,0,0.653856027094359,1.0049336793005,0
1.24364743918466,0.60520359631595,0.5548856495,0.5495,0,1.5541012837814,1.1535117337814
0,1.5611240786,1.26666039967843,0,1.21805969839681,0.5544005,1.06266258905
1.68346836617986,1.10926301117986,1.25387462400815,0,0,0.5495,1.24388446122879
1.16856524977142,2.06897991140192,0,0.626167726766927,0.9995,0.5544005,0
1.27442148249421,1.0935005,0.5,0,0.5989505,0.6439891293005,1.79605267722762
1.0538941293005,0.703936370313018,0.60970569154165,0,1.96799258710868,0.60970569154165,0.659000502558684
0,1.0587412138505,0.5544005,2.05996333649513,0.664287820264768,1.1032912138505,0
0.5,1.19370693791755,0,1.0983960995,1.65947293196735,0,1.0939856495
0.6038460995,1.1972268311414,0,0.65864172387866,0.5592960995,1.5577257915914,1.0983960995
0,0.5989505,1.5531852686,1.201804031435,0,0.5989505,1.60244165534
0.6077714,0.5544005,1.551385805,0.651835805,0,0.60336095,1.6875524345
0,1.128695,0,1.0886,1.9743755,0.59405,0.5
0.95,0.95,0.95,0.5,0.95,0.5,0
-0.1,0,-0.3439,-0.1,-0.19,0,-0.19
0,0,-0.19,-0.19,-0.271,-0.19,-0.1
0,-0.19,0,-0.19,-0.3439,-0.1,-0.1
0,-0.1,-0.1,-0.1,-0.40951,0,-0.19
-0.1,-0.1,-0.1,-0.1,-0.19,-0.19,-0.19
-0.19,-0.19,0,-0.19,-0.1,-0.19,-0.1
-0.1,-0.1,-0.271,-0.1,-0.1,-0.1,-0.19
0,-0.1,-0.19,-0.1,-0.1,-0.271,-0.19
-0.1,-0.1,-0.1,-0.19,-0.271,-0.1,-0.1
0,-0.1,0,-0.19,-0.1,-0.271,-0.271
-0.1,-0.1,0,-0.19,-0.1,-0.19,-0.271
-0.19,-0.1,-0.3439,-0.19,0,-0.1,0
0,-0.188689392262827,-0.269689392262827,-0.1,-0.19,0,-0.188689392262827
0.01323846199165,0.065684712334134,0,-0.020968612863351,-0.0005643505,0,-0.1405
0.6492728484005,1.1438228484005,0.5994356495,1.5532332984005,0.6492728484005,0.6492728484005,0.5994356495
0.65275758905,0,1.1962190786,1.240239419195,0,1.14730758905,1.5078065495
1.15760466107297,0.5989505,0.5495,1.16580855750031,0.653967537733018,0,1.54300595
0.5544005,0,0,1.73339775453219,0.654005288964798,1.14730758905,1.55522765386887
0.617241641823796,0,0,1.57250155423101,1.1170753609238,1.5556089794424,0.555466858601
1.1828624013419,1.18425900832118,0.6794915013419,0.734259008321175,1.126803327701,0.734259008321175,0.5495
0.698871299,0.734511688014798,0.742615285020405,2.97567336016658,0.5,0.608801,0
2.008801,1.099,2.3688049294424,1.2898207603424,0,3.4954142605279,1.198871299
2.3132166126319,1.099,3.95972482387435,1.109771299,0,1.32499063894345,1.22805062311255
1.207692199,2.3035416476015,2.30353783678088,0,1.207692199,1.40353783678088,3.2827337267015
1.109771299,1,1.29776933272255,2.37683995546345,0,4.07613976546345,1.29776933272255
2.37921338284135,0,2.37039248284135,2.2887108834739,3.0077710376015,1.289830260733,0
3.85143922061966,2.32268676853911,0,1.099,1.108801,2.23455795853911,0
3.37265422208833,1.109771299,3.27164241857686,1.198967358601,1.198967358601,0,1
3.05436157410061,1.108801,1.119561527701,3.65919556792894,1.099,1.1292460026319,0
2.3034360781,1.207692199,0,1.099,2.52051534729006,1,3.537946132651
2.277078258601,0,3.49042108080871,0,0,1.287978258601,4.065388968601
1.208661527701,0,2.108661527701,2.32588362745119,3.95393639273151,1.208661527701,0
2.107692199,1.49690647990608,3.39345680435864,0,1.099,1.207692199,2.31680303363927
1.197901,0,0,1.099,2.4180804341119,1.2439098529219,5.01925737278864
2.4637358881,4.0829258881,0,1.296703099,3.4340356981,0,0
0,4.16912469560381,2.62279655703141,1.197901,1.2888610376015,1.197901,1.197901
1.108801,1.3075401930833,1.118688258601,0,2.215403327701,4.76589692529101,0
2.187971299,3.106466596801,2.215403327701,0,2.296466596801,1.198871299,0
1.207692199,3.18893078229303,1.207692199,1.207692199,1.207692199,2.008801,1.207692199
1.109771299,2.097901,1.198967358601,1.198967358601,1.22989025441842,2.13957376962657,2.39089384630763
3.14972953097708,2.4199370669351,1.099,2.3221237820042,0,1.43531052276267,1.217482427701
0,0,0,3.274776585901,4.39707598750171,2.197663606801,1.108801
2.1253251781,0,0,2.2320581572,1.32265291048634,3.006703099,2.24595868015937
2.2760119,1.099,4.36518790538923,0,2.4164212228219,1.197901,0
1.287882199,1.999,0,4.36343058829,2.4469761781,0,1.287882199
1.23798382594553,1.2194113830833,2.23686444868643,1.109771299,0,2.45086315206359,2.907901
1.109771299,1.40613599937017,1.40613599937017,2.216276596801,1,1.099,3.56962532614769
4.1023838320219,0,2.48731893113529,0,4.55216737139087,0,0
1.32138485929,0,1.216513099,1,1.216513099,1.32138485929,5.032514455912
3.24631171,1.197901,2.1273672841027,1.197901,2.187001,1.2273672841027,0
1.2087574912424,2.32400407370167,1.999,2.29663923336056,1.207692199,1.21944022592704,1.207692199
2.21656793865693,4.37005101952702,0,1.2175783912424,1.2175783912424,0,2.108661527701
1.208661527701,0,3.38600170215318,1.109771299,4.09756092252537,1.108801,0
1,2.2188946575628,2.2083280926319,0,4.02376405719061,0,1.2192280926319
1.108801,3.2845667185424,1.3074537394424,2.2144251781,1.207692199,2.2074537394424,0
1.217482427701,1.099,1.217482427701,4.14513021845071,0,2.3133999030833,1.197901
2.196792199,0,1.297672427701,1.999,0,3.53632549009904,2.58998738793528
3.35743727530255,0,1.30736735401255,0,0,4.91949965381384,1.099
1.207692199,2.37599897628768,0,4.18114764912903,1.207692199,0,2.55401883912903
1.30788583473962,0,1,0,3.65288574214595,3.90807046755236,1.109771299
1.108801,2.1201013617319,2.40697705268145,1.31852602235971,0,0,4.11748815635623
0,2.21646831775469,4.12305943011569,1.108801,1.216513099,1.216513099,1
2.187001,1.2087574912424,0,2.28687883217167,1,2.28687883217167,2.29664967428983
2.108766991633,3.01861683656392,1.11976379205515,1.108801,1.20982266746392,0,2.108661527701
1.1098768685015,3.31462838176731,1.109867358601,1.20973527328435,1.099,2.1194208834739,1.109771299
2.2163725603424,1.099,0,2.1185381139833,3.22243208728082,0,2.13738029818082
1,2.30790631477435,1.109771299,3.55917962387509,0,2.197761527701,1.30998541477435
4.05229205192285,0,1.108801,1.118592199,2.24742265948382,0,2.34506137073285
2.27983955002499,1.287978258601,1.099,3.50931979276589,1.37983955002499,2.366089158601,0
0,2.42304756763547,0,2.53899252445611,1.108801,1.109867358601,3.83676313156553
2.2098885097528,1.099,0,1.40971675984723,0,3.48753117081475,3.2965986368737
0,4.13855312977,0,2.510631232651,1.32138485929,1.099,2.22138485929
2.223333316801,3.24631171,0,2.4491203079428,1.3383103228219,0,2.2383103228219
0,2.4469761781,0,1.39975654309776,3.086982199,1.287882199,3.4172759881
2.2250886278712,2.61324642376367,0,4.03794487977531,0,0,2.41962814887531
1,1.38610820277528,1.099,2.73110063021447,1.1983861495,4.25084828055869,0
0,2.0934856495,1.2888008014783,1.1983807638505,0,0,5.77119988044451
3.78592645841887,1.9593441293005,0,1.16046462679798,1.10970569154165,1.16046462679798,1.0495
1.64874679742034,0,0.5,1.62085481614126,0.623530347580805,1.1486699329505,0
1.247781288695,0.709733896920279,1.0044005,0,1.34849440414853,1.70225979147028,0
0.775494018464903,2.11852421131595,0,1.72309337700031,0.734140784534855,0.734140784534855,0
3.15870635355501,0.61441305696095,0,0.654215276601348,0,0.5544005,0
2.09992834527931,0,1.20081656550635,0.662231336418599,1.15568744405,0.5,0
0,0.605294761680279,0,1.63870036786463,1.99970995219253,1.0935005,0
1.21004749397483,0.9995,1.06358345131595,0.608784819276724,1.0538460995,0,0.662141156625776
0,1.63778946086642,0.5544005,1.19229804790075,0.6038460995,1.23278946086642,0.5495
0,1.0093441293005,1.66665814119588,0,1.5033995793005,1.1651621031552,0
0.644430989540824,1.1438708301712,0.5,1.66951388012757,0.644430989540824,0.5994356495,0.5544005
0.609269527731724,0,0.559829216361274,1.10381952773172,0,1.45889888425075,1.55816721519717
0.60433551880075,0.5544005,1.60408554351217,0.5549336793005,1.09888551880075,0.60433551880075,0.5
0.5495,0.6087891956212,1.0538941293005,1.16695966117065,0.6087891956212,1.11844646966157,0.5
1.15317624437696,1.0988807638505,1.0592258301712,0.5548856495,0.654215794376958,1.20251904153104,0
0,1.1032912138505,0,0.5,1.21589942242288,1.55773529673695,1.1571408996524
1.29303731513489,0.654599222325279,0.6038460995,0,1.69245450459214,1.1037758301712,0.5
0.654128433832173,0,0,2.557406892846,1.0489505,0.5548856495,0.654128433832173
2.05847044728413,0,0.5544005,0,1.15594361713913,0.657302866991649,1.0983960995
1.0948623984005,0.5994356495,0.6448623984005,1.5889178484005,0,0.6448623984005,1.24527639637583
0,0,0.6038460995,1.6656589678321,1.0983960995,1.4632565495,0.621134355221424
1.1830445793005,0.6439891293005,1.22357934567095,0.659138559988359,0.5495,1.0489505,0.6439891293005
0.605251578086649,0,1.4544356495,0,1.1050848605521,0.610092942719634,1.60746020190262
0,1.0631472534005,0.66204992646095,1.11204992646095,0.5641868034005,1.16541641601095,1.1032868034005
0.6483515495,0,0.6483515495,1.23186794405,1.63686794405,0.5495,1.1874069995
0,0.5989505,1.4985005,0.653515404115558,0,1.72682917281956,1.13800595
0.6511106476319,0.6511106476319,0.555370799,1.5506606476319,1.1500710976319,0.605300577701,0.6511106476319
1.10004218365056,0.66061589997572,0,1.58731522376837,1.5263701781,0,0.559301
1.62238282803758,1.62871323697179,0.797672427701,0.5,0.697901,1.71850752190269,0.599
1.3795197795533,1.3795197795533,1.108801,5.05658926234127,1.297663606801,0,1.3795197795533
2.36027621910061,3.833533126801,2.2570009455628,0,0,1.34552591516971,1
4.429026882361,1.287882199,0,1,1.197901,2.4469761781,1.099
0,2.907901,1.208661527701,2.48399618381156,1.109771299,1.3073664125324,2.48399618381156
1.22929441341983,4.10363816872238,0,2.31788428945118,1.099,0,2.1095443067015
0,0,2.31610518605887,0,3.12523287668161,3.22878702062305,2.116609158601
0,1.40501201471156,3.22975526905937,2.2339085183633,0,2.187971299,2.3863505816324
1.296790337701,1.099,2.383713316801,1.296790337701,1.296790337701,0,4.0910304516319
0,3.30446837618449,0,2.997882199,2.2175231546536,2.1087574912424,0
1.099,1.33445728698581,1,2.108661527701,1.3093029219901,2.20851042336056,2.30905585410826
1.108801,3.37835643420014,3.12427193929396,1.109771299,0,1,1.30956128115797
2.41452104578463,2.32551896668463,1.32759806668463,1.099,0,3.12688162785827,1.207692199
0,3.3090713806528,3.30740264271061,2.097901,1.3144224435319,1.3144224435319,0
3.1759842781,1.29855614818165,2.32203866075398,0,2.37754031728165,2.19855614818165,0
3.3630167752927,0,1.296895801633,0,3.0157186685015,2.2957764243739,1.099
1.22842201939494,2.32520038362767,2.9989474912424,2.11864262692525,1.108801,0,1.109771299
0,2.21023501594553,1.108801,1.099,3.2978952607205,1.2097172139833,2.30729312520146
1.108801,1.22747339662798,1,0,1.22747339662798,3.1336870297528,3.1152778026319
1,2.196792199,3.37933735545072,1.31139738610549,0,1.108801,2.2946151781
1.109771299,0,4.06005803480001,2.097901,1.1206172139833,1.109867358601,1.22917270656827
2.217149865901,1.218355696801,2.3148758239219,2.23419524801106,1.23627434801106,1.099,1
2.196792199,2.38660957586932,2.19872783375116,0,1.2087574912424,0,3.28377962285116
1.22839532328872,0,3.11650622328872,0,2.22614340246056,3.0174528661733,1
0,2.3070234675628,2.23448215719061,1.208661527701,2.2268343408319,2.206582427701,1.099
3.29849783839,2.107692199,1,0,0,3.37860764839,1.207692199
2.33154850152499,1.099,0,1.25343760152499,3.0860119,1.197901,2.33154850152499
1.999,0,1.47305279387971,2.47097369387971,1.3937383725319,1.305611237701,3.77703098956145
3.4385229575827,0,2.1272723665639,0,0,0,4.77831104929
3.0166783912424,1.2087574912424,2.28880768389605,1.207692199,1.30850939703073,2.2956804703424,0
1.11075107908165,1.2221800903507,0,3.02735034238435,0,3.1162565356639,2.097901
2.23533624522444,2.24424333687579,1.2175783912424,2.2066783912424,1.109867358601,1,1.109771299
2.197761527701,2.39813480024691,1.099,1,0,1.198967358601,3.38595224888977
0,1.099,3.03780261375056,0,1.109867358601,1.22900844465056,4.04156078383606
2.3132166126319,2.206582427701,2.2171496816324,1,2.33329439510156,1.108801,0
1.305611237701,1.207692199,2.196792199,2.303532137701,2.205611237701,1.305611237701,1.305611237701
1.29952537037167,1.198871299,1.198871299,2.2778554681,1,1.29952537037167,3.086982199
1.198871299,0,2.3873198047639,3.025508791633,1.198871299,1.217587891633,2.2974356356639
0,2.1978574912424,1.3065804703424,4.10963170365056,0,1.207692199,2.3935034494424
2.48436402720455,3.096772427701,1.37982593185698,2.108661527701,1.288956991633,0,1.109771299
0,1.099,1.2097438321948,0,3.1066668112948,0,4.68226691944425
2.31620103598573,1,1.1206172139833,3.1361189331793,1.109771299,1.108801,1.099
2.21734074142178,2.207455696801,1,0,1.218355696801,2.40739599608572,2.31673557896482
2.205613099,2.20754113456345,3.2203502925739,0,0,1.4144244895083,2.4103502925739
1.31802865032118,1.197901,0,4.18610595462934,3.1064761067015,0,1.40757791385294
0,5.01481015170899,1.999,0,0,0,3.2124106093048
2.098871299,3.28799577672433,1.108801,3.12683221625752,1.2086710376015,0,0
2.107788258601,2.009771299,1.207788258601,1.31653380478058,2.3134169941027,0,2.215508791633
2.46908871366329,0,1.108801,3.19731115939981,2.1978574912424,1.30832699029981,1.198871299
2.9266186685015,1.22746420547437,2.21656420547436,3.1144140434324,0,1.22746420547437,0
0,2.188067358601,2.2976182371148,1.108801,1.2399304931533,2.1185476143739,2.2173417834739
3.13486425920682,1.2194113830833,1.108801,2.42354033488179,1.109867358601,0,2.2075516603424
1.108801,1.217482427701,1.3077130888754,2.216276596801,3.2936372738063,1,1.3077130888754
1.30911301894345,0,0,1.207692199,3.10821301894345,2.20921093984345,3.28622599804345
2.1342428267015,2.24900168954285,3.1223537267015,0,0,1.2342428267015,2.2409758058015
0,2.4471586913419,1,2.366089158601,2.4471586913419,1.197901,2.277078258601
1.218355696801,1.218355696801,2.908871299,1.217482427701,2.3236870297528,1.3257661297528,1.218355696801
0,0,2.2055151781,1.3055151781,2.196792199,2.3924381572,3.2905669672
3.0860119,1.099,2.2760119,0,1.22027465805508,2.29838555805508,1.23081292901466
2.3314437274208,1.999,1.1195134979005,1.109771299,2.22499654601095,0,2.3314437274208
1.108801,1,2.29369339405,1.24041702972142,1.24041702972142,2.1963070495,2.44492116647071
2.37518819733822,2.42845484567095,0,1.2781341293005,3.31864484567095,0,2.0930005
2.8094356495,2.20109808512488,0,1.0544005,1.10564454918165,0,3.04533078119412
0.6171166584005,0,1.62158605596095,0,0,2.08892464727581,1.0583001688505
0.6439410995,1.1384910995,0.5,0.6439410995,1.70863799405,0,1.22348808905
1.4539505,0.69338439758665,1.26130969598178,0.6483951688505,1.31743035541463,0.6483951688505,0
0,0,1.9533777534005,0,1.09942059291785,0,2.20048693365438
0,0.5495,1.65305063750601,0,1.5092989183621,1.0538460995,0.60485860699165
1.1041644829505,0,1.0591778484005,1.11381014151095,1.1679260363847,0.5,0.6096144829505
0,0.5,1.1072169995,0.6082565495,0.5495,1.71278590803346,1.15568744405
0.5989505,0.605213101461499,1.69441366059125,0.5,0,1.0935005,1.2036274142759
0,0,1.16878207821033,1.66234307349396,0.9995,1.62185510239896,0
0.5495,1.2249367944571,1.67042789737255,0.6854447099071,1.26542789737255,0,0.5544005
0.5553703138505,0,1.8731788879505,0.6148492548764,0.6148492548764,1.1093992548764,0.6148492548764
0.6082565495,1.10672699405,1.1600934836,0.5544005,0.5495,1.247781288695,0.65672699405
1.58310095,0,1.71794774572142,0.64884096880075,0.64884096880075,0.5,0.64884096880075
1.15229391199165,1.14739884567095,0,0.6038941293005,0.5548856495,0.65333346199165,1.5034441293005
0.6043307638505,1.5488228484005,0.5544005,1.06857334256565,0.6043307638505,0,1.1624710300311
1.0538460995,0.5,0.5495,1.73175232137029,1.19771053096618,0.6043307638505,0
0.56065359631595,0.5,1.55366508586595,0,1.62882459146966,1.1165137429505,0
0.5495,1.21208875979,0,1.729358729195,0.6483515495,1.06266258905,0.5989505
0.649718080721424,0.649718080721424,0.5989505,0.5989505,1.623155855,0,1.4985005
0.6038460995,0.5544005,1.51230384567095,1.16423230677481,0.6038460995,1.15621533522095,0
1.0489505,1.30015521336134,0.5994356495,0,1.13892773405,0.608794416556574,1.09932605110657
0,0.5548856495,0.703598376073674,0,2.09802794732396,0.5549336793005,1.50834395057145
0.5,1.0495412190015,2.05654925326943,0,0,0.624277829084649,1.054378793651
1.1053167139833,1.25533160691565,0.555370799,1.15525084574508,1.1098136176242,0.5,0
1.064611527701,1.6232408661119,1.1799876788528,0.5,0.5495,0.68438102235971,0
1.166513099,0.716513099,1.86243456929,0.716513099,0.5,1.27838152674546,0
1.22053535625221,3.49550961455608,1.197901,1.197901,1,2.187001,1.197901
2.208328965901,1.34708485276276,0,1.209534796801,1.999,3.23457583615355,1.34708485276276
1.216513099,1.50338973617106,2.56966061015546,1.3223716367015,0,3.5059076036642,2.116513099
0,5.86424858742884,1.287978258601,0,0,1,2.366089158601
3.4930477012669,1.108801,2.44900023336056,0,0,1.198967358601,2.908871299
1.218461160733,1.3172417590336,1.218461160733,2.1889501376015,2.1977710376015,0,2.918661527701
4.21842470379958,1.118688258601,1.2184516603424,1.109771299,0,1.108801,2.018688258601
1.198871299,3.38580459368768,3.37786578368768,1,1.30930304404615,0,1.198871299
4.03919604804827,1.118592199,1.33404350713553,0,2.008801,1.2273501930833,1.2273501930833
1,1.099,1.218355696801,2.296466596801,0,4.34411605840942,1.3073569026319
1.3055151781,3.1046151781,0,2.49850310299866,2.205613099,1.3055151781,1.3055151781
1.197901,3.2680751788754,4.0771849888754,0,1.197901,1.197901,0
1.218355696801,1.109771299,2.33495373599255,1.218355696801,0,2.22684391894345,3.02802301894345
2.3123537267015,2.205613099,0,1.2254307476015,1.099,2.3451563832842,2.14226871044285
1.287978258601,2.4471586913419,2.097901,0,3.3373486913419,1.197901,1.287978258601
0,3.47600577957123,2.39740863279586,0,0,2.206582427701,2.908871299
1.099,2.205613099,4.87111834793265,0,1.207692199,1.207692199,0
0,3.14886854704345,2.2320581572,2.097901,0,2.32811783839,1.2253251781
1.3064940167015,3.3549047267015,1.099,2.2064940167015,0,1.3064940167015,2.3846049167015
0,2.374910058601,1.3858075013419,2.63303425254961,1.3858075013419,1.197901,3.095899158601
0,1.29960232456345,0,0,3.44033016886055,3.8970454681,2.29752322456345
1.2183652067015,3.0262861067015,1.2183652067015,0,1.109867358601,2.2171593758015,2.31516246431361
1.219334429833,1.109771299,1,1.2087574912424,3.29356024559206,2.4860018054172,1.099
1.2175783912424,2.2154992912424,4.02141478079837,0,0,3.1065625603424,0
2.197761527701,0,2.107692199,1.2086710376015,3.23560867944933,1.23051799674141,1.2086710376015
2.32846461354961,1.2255076913419,2.107788258601,4.29808135346355,0,1,0
2.2778554681,4.09976735527396,1.30047548127284,1.099,1.198871299,1,0
1.109771299,2.21628497144285,1.22718497144285,1.109867358601,0,2.2347989052842,3.03510587144285
2.206582427701,0,1.099,2.2947976913419,1.22021632511302,3.20535456785392,1
1.207788258601,1.2264864243739,1.30764649389605,2.2244073243739,2.098871299,2.20764649389605,1.207788258601
1.108801,2.11855617328435,1.2086710376015,1.2391344745004,0,3.10754034238435,2.2877416603424
2.009771299,1.31889324812012,2.41549974242828,0,2.107788258601,1.31881543984331,2.2076381139833
1,1.099,3.22035797821525,0,3.22114392040525,0,2.34542420724026
1.2889474912424,2.22878523797573,1.099,1.2889474912424,2.3680181139833,1.2889474912424,2.107692199
0,3.96203191716856,1.108801,1.2184516603424,0,1.099,3.3210630098559
0,1.3091120774633,1,2.2982120774633,3.38622769937027,2.206582427701,1.32355812569907
0,0,3.122344216801,1,3.26826389595017,1.225421237701,2.37735067829798
2.537749485901,2.79328853890082,0,1,2.456766406801,2.276982199,1.378655506801
1.207692199,0,0,4.74900871292302,2.2946151781,0,2.58263827838438
1.109867358601,1.1098768685015,1.41777999196857,1,1.2097267143739,4.10728229236023,1.109771299
1.2193249294424,0,1.109867358601,1,1.099,4.2199999188744,2.31671736594056
1.217482427701,3.2113454226319,1,1.109771299,2.206582427701,2.3346274410667,0
3.33061979389164,1.108801,0,2.2946151781,2.107692199,0,2.196792199
1.208766991633,2.4050457878875,2.097901,0,1,2.4050457878875,2.3160445820566
0,3.2045496258242,1.207788258601,0,2.1087574912424,2.59367677114783,2.39634251952005
4.1135608032328,1,0,1.34569333582782,0,1.34569333582782,3.2147502988528
4.5453915328944,1.108801,0,1,3.2015648881,1.40272484355056,0
4.0679277126319,2.1273672841027,0,2.3151626590336,1.197901,1.208661527701,0
2.20774356746392,1.999,2.29663923336056,2.107692199,0,0,2.30556558684118
1.21971529989634,2.1988267143739,1.2097267143739,2.108661527701,2.1077977685015,0,2.1097267143739
2.02071308156116,2.21838674085849,1.099,0,2.1184516603424,1.21863398156116,2.21934646359939
1.109771299,3.30977627107784,0,2.22692768543927,1.208661527701,2.12900678543927,1.2193240561733
0,2.3131998529219,0,2.1439098529219,1.26063606026161,2.107692199,3.25449111638251
2.63268747739,2.4637358881,0,2.3747249881,1.3856249881,1.296703099,2.196703099
2.61982636824026,1.197901,2.5380449749357,0,1.37885598328435,3.8952019,0
2.29663923336056,0,1.108801,2.46590562209506,0,3.8268281139833,1.29784506426056
1.099,1.109771299,1,3.0085360026319,1.21932499765345,1.33005127057747,2.42744376846557
1.118592199,2.4515920891442,2.34672058202285,1.099,0,3.3338512179542,1
3.4342182113419,3.36381046456345,0,1.099,1.197901,0,2.63471332146284
0,1.198871299,2.40435579688829,0,3.21502866569282,0,3.9059719376015
3.20543237613073,0,1.2086710376015,1.31636175338983,0,2.008801,3.31109790503012
1.21757933272255,1.21757933272255,0,2.107788258601,1.099,1,4.09545599087172
2.1977710376015,1.099,2.009867358601,2.39562457448615,2.21656617135563,1.20973621382302,0
1.108801,1.30950847081388,2.009867358601,2.1185476143739,0,1.099,3.19742821045253
1.108801,1.109867358601,3.12634819003916,2.2976085429457,1.2086710376015,1.109771299,1.21958523184525
2.2180326449015,1,0,0,3.20929772186867,3.1162479085424,1.2192384758015
1.3225445439833,2.41597294554266,1.34033427926585,2.214530058601,1.3225445439833,1.109771299,2.24033427926585
0,0,4.47357280097936,0,4.31184793477435,1,1.37962480765345
3.8345940167015,1.109867358601,2.38568761033733,2.65351645964092,0,1.30757449693615,0
1.2098036676242,0,4.83372078245295,2.1989036676242,0,1,1.109771299
1.108801,0,2.41507111799072,2.0204434334324,2.30685727571156,2.119228965901,1.2192376025324
3.2096694516319,0,2.4281310551971,1.216513099,2.205700337701,1,1.216600337701
2.187001,1.287882199,1.287882199,1.287882199,0,2.55556314410298,3.36556314410298
1.38762814043413,4.00473904043413,0,1.38762814043413,0,2.3837997224121,2.38642230953413
1.108801,0,2.11782208086595,1.32330599612248,0,2.41934586890184,3.91543576196095
4.23496644626847,0,1,0,2.1914065495,0,3.2696825681453
0,1.11266258905,2.924058919195,0,2.9880911815474,1.1489407315474,2.1379961815474
0.5989505,1.5044518338121,1.14931348424299,0.654758681699574,0.654758681699574,0,1.13800595
1.1626294570664,0,1.26097111342616,1.0596144829505,0,1.5632190070664,0.6096144829505
0.6082565495,0.5,1.6532222936,0.700887883668034,0.5495,1.86363584414976,0
0,0,0,0.698670222383923,2.02917054210135,1.64708371656943,1.13800595
0.9995,2.00676992306993,0.5549336793005,0.609369042036495,0,0.609240178718582,0.5544005
0,1.10343614867255,0.604912333222548,1.0495412190015,0.554981709101,1.64900181686202,0.5544005
1.56300806412555,0,1.67649830687719,0.5,0.555466858601,1.0597205376015,0
0.5495,0,0.569188258601,0.560271299,1.1838221240828,1.1215526913419,1.72898392354961
1.3278554681,1.35711934465056,1.26034245547872,0,0.721242455478717,0,1.7328554681
2.31523155639714,0,1.119561527701,0,3.1232166126319,2.2259610717319,2.2347722775628
1,3.1848051781,1.108801,0,4.27492043616453,1.207692199,0
4.06307495893606,1.109771299,1.2192384758015,2.3141867185424,2.018688258601,0,0
1.297672427701,2.214530058601,1,0,1.3865934435319,3.60561329490061,2.187971299
3.9049842781,1.22020588418375,0,3.18938005328375,1.198871299,1.22011943054285,0
2.33067833018502,2.008801,1.099,0,1.118688258601,2.2234285913419,2.2243018604419
0,2.30021624219506,2.187971299,0,2.12900844465056,2.2778554681,2.38127951129506
2.23466740500061,2.3132166126319,3.05348830500061,0,0,2.34130158993151,1.109771299
0,2.3034360781,2.48047883839,1,2.196792199,2.5784928449539,1.3055151781
0,1.2986416603424,1.2096307603424,1.197901,4.96708879365056,1.099,1.2986416603424
2.117482427701,1.218355696801,0,0,1.218355696801,3.016582427701,3.2137905761119
1.207692199,2.205613099,1.22824056176161,2.196792199,2.12824056176161,1.30747179874345,1.32596532522889
0,1.109771299,3.1057757448833,1.2176648448833,2.20841162919146,0,3.29257904271608
1.209534796801,2.198634796801,2.1368513775628,0,3.1152689817319,1.2183460026319,1.2183460026319
1.3055151781,2.3924381572,1.3055151781,2.2055151781,1.099,1.3055151781,2.116513099
3.0860119,0,1.099,1.197901,3.53107009540956,1.197901,1.29960042336056
3.95080711500061,2.3140898817319,1.207692199,0,1.207692199,1.2271669026319,1.108801
0,2.2946151781,1.2309087750577,3.15325278565972,2.2946151781,2.097901,0
2.097901,1,0,2.3564741396051,1.3497411605051,2.3564741396051,2.33241186926971
1,0,1.197901,1.395406395901,1.395406395901,3.532738995001,3.388389056191
0,1.296703099,1.296703099,0,3.994003999,1.296703099,3.345113809
0,3.5353923106057,1.2976819376015,0,2.997001,1.39717875676435,2.3757928376015
2.3045013703424,0,4.0119066339833,1.3057072012424,2.48084368236056,1.108801,0
0,1.2889474912424,1.2889474912424,3.087951527701,1.108801,2.28167159070206,2.54172433282022
1.1197439448833,1.108801,2.24513169606821,1.23736214567324,3.85526859295007,1.099,0
2.3975974310428,2.3975974310428,1.3090161139219,1.108801,2.3078102830219,1.099,1
1.2253251781,3.1213748881,2.116513099,1.099,1.2253251781,1.2253251781,1.2253251781
1.2274461471148,2.187001,1.2274461471148,2.2760119,2.2760119,0,2.1274461471148
1.2995320204618,2.2974358294424,1.2995320204618,1.198871299,2.31603496841085,1.198871299,1.999
1.207788258601,0,1.22734923336056,3.21327341829146,3.02557596426056,1.22734923336056,1.099
1.32018357443842,2.48886597680713,2.1985360026319,0,2.098871299,2.2964569026319,1.208661527701
3.23417751958,1.2253251781,3.0155151781,2.5992248204285,0,0,1.108801
0,2.20861589602525,1,4.14119643502525,3.26792660602525,0,0
2.24098547364121,0,1.2194113830833,1.2185381139833,2.2173322830833,2.2173322830833,1.999
2.13521279859296,0,2.207455696801,2.34777758642662,2.44550354444752,2.216276596801,0
3.52508502350126,2.205613099,2.1967998476015,1.38678685447435,1.207692199,0,1.38678685447435
1.30849989758161,1.30849989758161,0,1.2087574912424,3.9069379239833,3.11729406668161,0
0,1.099,4.11399547249061,0,2.2278986542357,2.31489389273285,1.108801
1.2192384758015,3.12576716183285,0,3.40237739252438,1,0,2.205709158601
0,2.3115574013419,2.116609158601,1.33936919910864,2.187971299,0,3.22837723066887
4.46591250078353,0,1.198871299,2.187971299,2.008801,0,1.198871299
2.1087574912424,1.109867358601,1.21966363673863,1.099,1.31794506043112,3.84583801446746,0
1,2.21882461352156,1.22177698262156,3.21156626698096,1.110740627701,1.109771299,1.1116225334324
2.1422506416319,3.35446471029061,2.2313506416319,1.127500337701,1.2422506416319,1.118592199,0
2.276982199,2.4469761781,1.287882199,1,0,3.4172759881,1.287882199
2.907901,1.3055151781,2.3924381572,1.3055151781,1.3055151781,1.207692199,1.3055151781
1.21855617328435,1.099,2.2760119,1.3263608265391,1.197901,3.0860119,1.2195244549357
2.2174187367242,0,1.999,3.29657400544547,1.3096997028605,1.2087574912424,1.109867358601
0,3.1282798268737,2.217149865901,0,1.2296985097528,2.108661527701,2.1296985097528
0,2.3201869672,1.40337709376755,1.108801,2.31791733540277,2.205613099,2.1253251781
0,0,0,1.197901,4.07451609866216,2.2760119,3.2756578026319
3.1046151781,1.3055151781,1.207692199,2.48047883839,3.37860764839,0,0
0,2.4160238762014,1.197901,1.197901,1.099,3.0860119,2.44403005103152
1.999,3.4132623858727,2.329192631023,1.118592199,1.331271731023,1.2253251781,0
2.2868683912424,3.28571489456828,0,0,1.31635308208877,1.31635308208877,3.3461791012424
3.19548567766435,0,1.30921659040525,4.01620196533615,0,1.20956149273345,1.109771299
1,3.14770171367324,1.24259723427827,1.2264769239833,3.1233999030833,1.118688258601,0
2.4504771139219,2.4504771139219,1.099,2.287645696801,1.198871299,1,1.3820595097528
1.2253251781,0,2.2144251781,2.32811783839,0,3.8591869672,1.2253251781
1.22044795437827,1.197901,1.22044795437827,2.2760119,2.33933426251034,2.187001,1
2.33564201228251,2.2284926788528,0,1.999,1.120434796801,2.2267470139219,1.2296985097528
2.51796757974398,2.3113748881,1.2253251781,2.3201869672,1.108801,1.099,1
1.197901,0,0,2.2760119,4.25546699381156,0,3.29399618381156
0,4.0998513516319,2.392534216801,0,2.303532137701,1.305611237701,1.305611237701
2.19864260182255,2.46742094346284,3.086982199,2.37762677092255,0,0,1.198871299
3.0165919376015,0,3.27779747762088,2.2956804703424,1.2086710376015,1.109771299,0
0,2.107788258601,0,4.05337849154652,2.098871299,1.2097267143739,1.21942944238435
3.31203767590294,1,1.109867358601,1.099,1.31722456331797,0,3.22383105762613
1.099,2.23610433418723,2.1175783912424,3.2042885183633,0,0,2.32597880911813
0,2.107692199,0,2.21809789968754,2.40589327461844,3.29608327461844,1.20875843272255
1.208661527701,2.60740457522388,3.2131100978539,2.1086710376015,0,2.41193616834537,0
1.48642603380146,0,0,4.27107240752901,1.2968863012424,1.099,3.38343546654236
4.91339428082287,0,1,1.31826883849688,0,0,3.29354978547872
0,0,3.1064569026319,1.108801,3.24893236955932,3.2148367524937,0
1.32138485929,2.22138485929,1.3055151781,2.107692199,0,2.3034360781,2.3924381572
3.24631171,1.25086825804161,3.0860119,0,1.197901,0,2.23996825804161
1.108801,1.42957259613245,2.53402280850116,1.2271669026319,1.208661527701,1.109771299,3.22867259613245
4.339117132651,1.40422011430255,0,2.107692199,0,3.37860764839,0
2.48067942044285,1.3056207476015,1.3056207476015,0,0,4.0830314576015,2.2144251781
2.60120887236056,0,1.3690573012424,2.2760119,4.1474277339833,0,1.3690573012424
0,3.32035626138168,3.727851527701,0,0,1.108801,2.31522241656827
1.108801,2.31811000270329,3.19948879687239,2.207455696801,1,0,1.217482427701
1.207692199,2.32641038153932,2.107692199,3.21660038153932,0,0,2.23740830243932
1.3233304861733,1.3233304861733,2.4190646711042,1.197901,1.217482427701,2.097901,2.3124304861733
2.4488179026319,0,3.265964506801,0,1.288851527701,1.288851527701,3.087951527701
1.2255076913419,1.30754207510212,3.93346505420212,1.099,0,1.2255076913419,2.2323271240828
3.29568884417948,3.1064856070921,0,1.2175014379921,1.24561892288948,1.108801,1.099
1.30588002207056,1.3940762420059,0,3.37136204193406,2.4809992211059,2.008801,1.207692199
3.98056810106971,0,1.24270761682528,2.198634796801,1.32185938890477,2.097901,0
2.54597644555341,3.25110493843206,1.118592199,0,1.108801,2.4515920891442,1.099
4.38759554880871,1.099,0,1.296799158601,1.296799158601,1.197901,2.196799158601
1.198871299,2.3043093472,3.429441436582,0,2.997971299,0,1.108801
0,1.22348161,2.315794159,3.375104869,1.197901,1.197901,2.008801
1.999,1.1881,1.099,0,0,4.3104079,2.33758
0,1,3.439,0,1.9,1.9,1
